"RestaurantID";"City";"HotelName";"HotelTele";"HotelAddress";"RestaurantName";"RestaurantTele";"RestaurantAddress";"RestaurantOpenTime";"Introduction";"Price";"Park";"Smoke";"Location"
1;"北京";"北京王府井希尔顿酒店";"010-5812 8888";"北京市东城区王府井东街8号";"秦唐中餐厅";" 58128888-8411 58128888-8417";"王府井东街8号王府井希尔顿酒店5楼";"11:30 - 14:30，17:30 - 22:00";"作为北京高端专属私人餐厅之一，北京王府井希尔顿酒店秦唐中餐厅，带给客人以最舒适的服务享受。取材于中国历史的大幅壁画给餐厅带来了王宫别院般的视觉效果，造型别致的人性化不锈钢围栏也为宾客提供更多私密性，同时也与四周陈列着的壁画和中式古董相映成趣，构成一个令人心静如水的古朴空间。如此优雅的环境在和传统的古典贵族风格与非凡设计理念及美味佳肴融为一体时，餐厅中的贵族气息，宁谧，纯朴，令您从此对尊贵服务有了新的定义。 您可以选择四间古朴典雅的私人包厢风、生、水、起品尝美味，我们的中餐厨师为您度身定制菜单，营造个性化的用餐体验。配上定制的桌椅家具、巨幅玻璃窗，整个包厢好似一个华丽的古典舞台，这样的就餐体验定会让您难以忘怀。秦唐中餐厅还设有无线上网服务，随时化身成为您的流动办公室。让您在用餐的同时也可以轻松掌握身边的一切信息。每日午餐 | 上午11:30至下午 2:30每日晚餐 | 傍晚 5:30至晚上10:30(晚上10:00为每日最后点餐时间) 餐厅菜单";"244";"";"";0
2;"北京";"北京王府井希尔顿酒店";"010-5812 8888";"北京市东城区王府井东街8号";"焰吧扒房";" 010-58128888";"王府井东街8号王府井希尔顿酒店5楼";"18:00 - 22:30";"焰吧扒房让您在高雅的氛围中品味当代欧式美食经典，同时可透过落地窗俯瞰新老北京的历史与繁华。扒房提供谷物饲养的澳大利亚进口有机牛肉和最新鲜的加拿大海鲜，完美搭配酒店内屡获殊荣的美酒河窖藏的年份葡萄酒，成为王府井地区不可错过的美食新体验。 位于北京王府井希尔顿酒店五层，毗邻焰吧，扒房有着低调又不失优雅的环境，在极具现代感的氛围中透过宽大的落地玻璃窗，古老北京的格调即刻映入您的眼帘，让您感受完美的用餐体验。私密舒适的餐厅可提供36个雅座，分成两个独立的部分。我们的厨师团队以精心挑选的食材，结合精湛的厨艺，竭诚为您带来一次无与伦比的西式餐饮体验。菜单不仅包含各式俱全的上等进口牛排、新鲜海鲜及特色西班牙海鲜饭，丰富多样的餐前小吃及美味甜品也不容错过。每日晚餐 | 傍晚 18:00至晚上10:30餐厅菜单";"472";"";"";0
3;"北京";"北京王府井希尔顿酒店";"010-5812 8888";"北京市东城区王府井东街8号";"万斯阁西餐厅";" 58128888-8412";"王府井东街8号北京王府井希尔顿酒店5楼";"06:30 - 22:30。自助早餐06:30 - 10:30；自助午餐11:30 - 14:30；自助晚餐17:30 - 21:30。";"万斯阁餐厅设计定位于北京最具异国风情和独具个性的美食港口，提供令人放松愉悦的早、中、晚餐和欣赏炫目北京美景的优雅环境。这里拥有140个独具古老澳门特色的座位及开放式厨房，方便客人在享受美味早餐的同时又可欣赏到美食制作的美妙过程。 万斯阁餐厅的出品结合了Hilton无懈可击的高标准餐饮要求及创新餐饮理念。室内设计风格灵感取自旧时澳门的静谧风情，设计表现手法严谨细腻，一如希尔顿品牌的一贯标准。 万斯阁西餐厅的食谱称得上是一幅精美绝伦的全球精粹美食长卷，款款美味极具地域特色和时令特点，将清淡，健康，香嫩诱人等美妙口感巧妙地融入到了每道佳肴。 万斯阁由享誉全球的Wilson公司设计，其在餐厅环境设计领域颇有建树。设计总监Dan Kwan 将其创新的设计理念融入万斯阁餐厅的设计之中，""我希望能为新一代就餐者创造一个全新的餐饮理念，一处可任所有感官惬意放松的海边氛围。"" 质感雅致的桌面，宽阔的玻璃窗，灰色大理石花纹地面，独特的起绒粗呢面料和白色水洗木天花板，营造出万斯阁开放、优雅、精致的感觉。每日早餐 | 凌晨 6:30至上午10:30每日午餐 | 上午11:30至下午 2:30每日晚餐 | 傍晚 5:30至晚上11:00(晚上10:30为每日最后点餐时间)周日早午餐 | 每周日12:00至下午3:00  餐厅菜单";"297";"";"";0
4;"北京";"北京王府井希尔顿酒店";"010-5812 8888";"北京市东城区王府井东街8号";"书阁";" 58128888-8406";"王府井东街8号王府井希尔顿酒店1楼";"尚无营业时间";"小憩于北京最为惬意舒适的大堂酒廊，恍若置身于您的一处私家寓所。林立的书墙，温暖的壁炉，不尽的美食！ 招牌的“书阁下午茶套餐”巧妙的将传统英式下午茶的英式松饼配奶油，3款精选的迷你三明治，自制的蓝莓芝士蛋糕，层次丰富的奶油传统千层酥以及柠檬罗勒挞配酥皮派巧妙的呈现在中式圆形镂空的架子中，再配以中式的极品茶叶，定会让您的下午茶体验与众不同！ 甜食控们一定不能错过“巧克力下午茶套餐”，仿佛回到了儿时的记忆，让您的一整都天充满甜蜜！热呼呼的巧克力英式松饼配上诱人的草莓酱以及新鲜奶油，是不是感觉就好像自家里妈妈亲手做的一样？如果在品尝了一系列传统巧克力气鼓条等巧克力美味后，还有酒店创新的巧克力花椒挞和巧克力罗勒马卡龙等待着您的大胆尝试！ 当然，我们还特意为想保持完美身材及注重健康的客人们定制了“健康下午茶套餐”。其中大厨推荐的要数“燕麦蓝莓英式松饼配无糖番茄酱”;以及三款健康美味的三明治了，用低脂的燕麦酸奶或坚果条代替了高热量的甜品，让您尽情无忧的享受下午茶的完美时光！ 当然除了下午茶套餐，在书阁还有各式各样的小点心供您选择，搭配上经典的卡布奇诺或是自制冰爽鸡尾酒，温情惬意尽在其间。每日 | 上午8:00至晚上10:00 餐厅菜单";"68";"";"";0
5;"北京";"北京王府井希尔顿酒店";"010-5812 8888";"北京市东城区王府井东街8号";"美酒河";"";"";"";"无酒不成宴，没有好酒怎堪行？北京最大的酒窖“美酒河”，藏身于北京王府井希尔顿酒店，精选500余种来自全球不同品牌的近万瓶葡萄酒，随意搭配各式佳肴美味。 ";"";"";"";0
6;"北京";"北京王府井希尔顿酒店";"010-5812 8888";"北京市东城区王府井东街8号";"焰吧";" 010-58128888";"王府井东街8号王府井希尔顿酒店5楼";"18:00 - 22:30";"除了舒适优雅的环境氛围，这个私密暧昧的酒吧就如同它的名字火焰一样，将精彩呈现今夏的火热。 焰吧拥有极佳的地理位置，它与万斯阁西餐厅和秦唐中餐厅坐落于同一楼层，绝对是一个茶前或饭后的理想去所。焰吧拥有精美的大理石墙壁，光滑的木质地板，一个引人注目的线性壁炉点亮了整个空间。这里还提供充满创意的便餐，还有一个专业团队为客人娴熟地调制鸡尾酒。葡萄酒鉴赏家可以从美酒河挑选出自己最喜欢的一瓶，美酒河里拥有500多个品牌上万瓶藏酒，供客人任意选择。 忙碌一天后，何不来此浅酌小饮，在音乐中舒缓身心，度过美妙的夜晚。让我们相约北京希尔顿王府井酒店的焰吧！每日 | 傍晚6:00至凌晨1:00";"472";"";"";0
7;"北京";"北京希尔顿酒店";"010-58655000";"中国北京市朝阳区东三环北路东方路1号";"东方路一号";" 010-58655030";"东三环北路东方路1号希尔顿饭店2楼";"午餐12:00至14:30 晚餐18:00至22:30";"酒店的特色美式餐厅“东方路一号”，重新定义了源自美国的现代烹调，餐厅环境亲切，温馨，弥漫着一种怀旧感，令人想起最初的路易斯安娜餐厅里那种美国南方宅第的室内装修风格。餐厅供应世界各地的品牌葡萄酒，在京城首屈一指，您可在品酒师的推荐下品味享用。餐厅的两个别致包间，是商务、家庭聚会的理想场所。 东方路一号零点菜单东方路一号甜点菜单 营业时间：午餐周一至周五、周日：12:00pm - 14:30pm晚餐周一至周日：18:00pm - 22:30pm 预订电话：010-58655030 ";"307";"";"";0
8;"北京";"北京希尔顿酒店";"010-58655000";"中国北京市朝阳区东三环北路东方路1号";"元素阁";" 010-58655020";"东三环北路东方路1号希尔顿酒店2楼";"全天营业";"开放式厨房餐厅，集中亚洲各式精致佳肴。各种烹调手段一应俱全，如烘、烤、蒸、煮、焙、炸等。富有时代气息的现场厨房概念使顾客有机会观看厨师现场运用包括金、木、水、火、土等元素来创造时尚一流的亚洲佳肴。 元素阁零点菜单 营业时间：早餐 周一至周五 6:00am - 10:00am周六和周日 6:00am - 11:00am午餐 周一至周五 11:30am - 2:30pm周六和周日 12:00pm - 2:30pm晚餐 周一至周五 6:00pm - 10:00pm 预订电话：010-58655020";"234";"";"";0
9;"北京";"北京希尔顿酒店";"010-58655000";"中国北京市朝阳区东三环北路东方路1号";"颐达吧";" 010-58655050";"东三环北路东方路1号北京希尔顿酒店2楼";"17:00至02:00";"格调幽雅的颐达吧为您营造私密且舒适的环境，提供各式精选的葡萄酒、香槟及招牌鸡尾酒。无论是与朋友度过轻松愉悦的夜晚，亦或寻觅志同道合之新识，颐达吧能带给您无尽享受。 颐达吧酒单  营业时间：18:00pm - 2:00am预订电话：010-58655050";"113";"";"";0
10;"北京";"北京希尔顿酒店";"010-58655000";"中国北京市朝阳区东三环北路东方路1号";"汤尼酒廊";" 010-64618368";"东三环北路东方路1号希尔顿酒店1楼";"10:00-21:00";"位于大堂的酒廊每日营业至深夜。前卫，舒适的大堂酒吧为您提供五星级的饮品及服务，轻柔的北京音乐让您感觉更加惬意，是紧张繁忙的一天后充分放松自己的最佳选择。 汤尼酒廊Menu 营业时间：11:00am - 00:30am预订电话：010-58655060";"";"";"";0
11;"北京";"北京希尔顿酒店";"010-58655000";"中国北京市朝阳区东三环北路东方路1号";"咖啡基诺";" 010-58655070";"东三环北路东方路1号希尔顿酒店内";"尚无营业时间";"位于酒店大堂的甜点角，提供新鲜冲制的各种咖啡、芬芳的清茶、自制的甜点、蛋糕、巧克力、新鲜出炉的面包，以及新鲜制作的沙拉和各式三明治。宾客既可以在此休闲地享用，也可以选择打包带走。  咖啡基诺Menu 营业时间：6:30am - 22:00pm预订电话：010-58655070";"63";"";"";0
12;"北京";"北京首都机场希尔顿酒店";"010-6458 8888";"中国北京市首都机场三号航站楼三经路1号";"东西风扒房";" 64588888-8101 010-64504784";"首都机场3号航站楼希尔顿酒店1楼";"17:30 - 23:00";"步入东西风扒房，您会立刻感受到味蕾燃烧的快感。 多种顶级肉类食材和新鲜海鲜一一登场，为您奉上极致美味：正宗牛排、北京烤鸭、日式铁板烧、印度唐杜里风味烧烤美食，均由专业厨师为您现场烹饪。 举杯欢饮，您可品味经典鸡尾酒，或挑选您中意的葡萄酒。餐厅中央的葡萄酒窖，亦是别有特色的包间，与其他四间私密包房一起为您提供无限愉悦的味觉体验。营业时间：周一至周六 17:30 - 21:30位置：首都机场希尔顿酒店 一层预订电话：86 10 64504784";"351";"";"";0
13;"北京";"北京首都机场希尔顿酒店";"010-6458 8888";"中国北京市首都机场三号航站楼三经路1号";"腾香居";" 64588888-8901 010-64504889";"三经路首都机场3号航站楼希尔顿酒店2楼";"午餐：11:30 - 14:30 晚餐：17:00 - 22:00";"‍‍来到古意浓浓的腾香居，一场融合川菜与湘菜之美的辣味冒险旅程正在等待您。所有美食全部由来自当地的厨师掌勺，家常式的烹饪技艺及有机食材的选择，保证口味绝对地道。所有辣味菜品都有三个级别供您挑选，更贴心地为独自用餐的食客准备了特色套餐。餐厅精心准备了顶极中国茶叶，手艺高超的茶艺师傅将为您现场展示最为精湛的茶道技艺。13间典雅气派的包厢，为你带来私密和温馨享受。‍‍营业时间：11:30 - 14:30                        17:30 - 22:00位置：首都机场希尔顿酒店 二层预订电话：86 10 64504889";"207";"";"";0
14;"北京";"北京首都机场希尔顿酒店";"010-6458 8888";"中国北京市首都机场三号航站楼三经路1号";"粤尚";" 010-64504888";"首都机场3号航站楼希尔顿酒店2楼";"午餐：11:30-14:30 晚餐：17:30-22:00";"‍‍从早茶系列美味小点，到作工精湛的宴会菜式，从世界各地的优选鲍鱼，到港式烧鸭、创新鹅肝菜式及神户牛肉，各式粤菜美食一定令您大开眼界，爱不释口。享受至尊美味之时，您还可赏茶品红酒，坐拥悠尚时光。13间包房，最大一间可同时容纳24位客人就餐，适合各类聚会活动。‍‍营业时间：11:30 - 14:30       17:30 - 22:00位置：首都机场希尔顿酒店 二层";"350";"";"";0
15;"北京";"北京首都机场希尔顿酒店";"010-6458 8888";"中国北京市首都机场三号航站楼三经路1号";"龙吧";" 010-64504799";"首都机场3号航站楼希尔顿酒店1楼";"16:00 - 1:00";"‍‍‍‍‍‍‍‍‍‍50米长的吧台让宽敞的空间呈现另类的个性，绝妙的L形设计犹若蛟龙游弋，将空间隔为静谧与动感两派天地。一边的静谧的雪茄廊，另一边则是充满活力的音乐和台球桌，随您自在享受。我们拥有魔术师般的专业调酒师，为您调制出经典口味或拉丁风情鸡尾酒，您亦可选择麦芽威士忌，陈年朗姆酒，白兰地或葡萄酒（包括中国最优质的陈年葡萄酒）‍‍。轻呡一杯拉丁风味的鸡尾酒、生啤或精选葡萄酒，在这里度过只属于您的悠闲时光‍‍。‍‍‍‍‍‍‍‍‍‍‍‍‍‍‍‍‍‍‍‍‍‍‍‍‍‍‍‍营业时间：16:00 - 1:00位置：首都机场希尔顿酒店 一层预订电话：86 10 64504799";"-";"";"";0
16;"北京";"北京首都机场希尔顿酒店";"010-6458 8888";"中国北京市首都机场三号航站楼三经路1号";"焦点";" 64588888-8201";"首都机场3号航站楼希尔顿酒店1楼";"24小时";"三五好友，把盏言欢，在9米挑高的大堂，来几分美味的小点，或调整时差，或小憩片时，乏味的旅途顿生别样的时尚。预订电话：86 10 64504823下午茶随欣享 ";"-";"";"";0
17;"北京";"北京首都机场希尔顿酒店";"010-6458 8888";"中国北京市首都机场三号航站楼三经路1号";"360°全日餐厅";" 010-64504788";"首都机场3号航站楼希尔顿酒店1楼";"5:30-23:00全天零点服务";"‍‍360°餐厅全天供应世界各国正宗菜系，令您尽享轻松舒适。无论是泛亚太美食，还是地中海风味，全部由专业厨师为您精心烹饪，让您随时随地欣赏他们的精湛手艺。更有特色甜品任您选择，自制美味冰淇淋搭配现定现制的soufflés蛋奶酥和法式鸡蛋薄饼，口感绝对美不胜收。如您刚刚入埠，可在此品赏一杯特制健康凉茶或鲜榨果饮，舒缓疲劳，调整时差。品酒高手亦可从两层酒窖中挑选一瓶您最爱的陈年美味葡萄酒。‍‍营业时间：5:30 - 23:00 位置：首都机场希尔顿酒店 一层预订电话：86 10 64504788 ";"231";"";"";0
18;"北京";"北京华尔道夫酒店";"86-10-85208989";"北京市东城区金鱼胡同5-15号";"荣尊1893";" 010-85208989";"金鱼胡同5-15号华尔道夫酒店1F";"早餐：6:00 –10:30午餐：11:30 –15:00晚餐：17:30 –22:30";"荣尊1 8 9 3 选用上等食材， 为宾客提供精致独到的国际美食， 设有可供8 人用餐的展示包间。餐厅中的主焦点就是厨师们展示高超厨艺的开放式厨房，在这里厨师们与宾客亲密交流，让人们近距离感受烹饪艺术之美地点：一楼 羿庭（孔雀廊）旁营业时间：上午6:30 - 上午10:30（早餐）上午11:30 - 下午2:30（午餐）下午5:30 - 晚上10:30（晚餐）席位数：70席着装要求：休闲正装、商务装详情或预订请致电：+86（10）8520 8989  转 6115 ";"333";"";"";0
19;"北京";"北京华尔道夫酒店";"86-10-85208989";"北京市东城区金鱼胡同5-15号";"羿庭（孔雀廊）";"";"";"";"无论是寻找美味便餐，还是以酒会友或共品下午茶，或仅仅是为了在睡前小酌一杯，我们的酒廊 羿庭（孔雀廊） 将成为城中热议焦点与心之所选。摩登雅致的羿庭（孔雀廊）是对纽约华尔道夫酒店同名餐厅的另一种演绎，为宾客们奉上美食佳酿的享受。这间高档酒廊将华尔道夫的经典氛围与清新明朗的现代风格谱就成一曲华美乐章。购物间隙来此吃顿便饭，小憩片刻；亦可以邀约几位好友来此共享下午茶时光，或与您的客户进行一场非正式的商务会面。华尔道夫的特色菜肴定将让所有宾客享受到愉悦体验。羿庭（孔雀廊）保留着贵族、名媛展示华丽风姿的社交场所独有的文化传承，是北京精致品位生活的瞩目之地。地点：酒店一楼入口旁营业时间：上午7:00 - 次日凌晨12:00席位数：66席着装要求：商务装、休闲正装详情或预订请致电：+86（10）8520 8989 转 6109";"";"";"";0
20;"北京";"北京华尔道夫酒店";"86-10-85208989";"北京市东城区金鱼胡同5-15号";"紫金阁";" 010-85208989";"金鱼胡同5-15号3楼";"午餐：11:30–14:30晚餐：17:30 –22:30";"紫金阁是一家以纯正粤菜及北京名菜为特色的中餐厅，内设5间私人包厢，其中最大的一间可容纳24人就餐，大厅可同时款待40位宾客。地点：酒店主楼三楼营业时间：午餐：上午11:30 - 下午2:30晚餐：下午5:30 - 晚上10:00席位数：114席，5间私人包厢着装要求：商务装、休闲正装详情或预约请致电：+86（010）8520 8916餐厅菜单";"254";"";"";0
21;"北京";"北京康莱德酒店";"010-6584 6000";"中国北京市朝阳区东三环北路29号";"廿九閣";" 010-65846000 010-65846300";"东三环北路29号康莱德酒店2楼";"午餐：11:30am-14:30pm 晚餐：18:00pm-22:00pm";" 廿九閣是品尝众多优质海鲜、碳烤美味和各种风味肉食的完美选择。时尚而奢华的空间令人倍感尊崇。庞大酒窖，珍藏着来自世界各地的各色美酒，供宾客尽情享用。此外，餐厅还有一间私人餐室和休闲酒吧，无论是正式晚宴或休闲小聚都能尽情兴。廿九閣为宾客提供京城稀缺的世界级优质奶酪和冷切肉类等精选美味，意大利帕尔马风干火腿、西班牙伊比利亚风干猪后腿、意大利风干萨拉米肠及蜂蜜猪腩肉和众多西式扒类等，还有在酒窖中甄选的陈年佳酿相伴，为喜爱肉类与品酒的男士或是真我个性的女士打造独具一格的就餐体验。精选特惠128元商务午餐三道菜式的商务午间套餐，每位仅需128元+15%服务费，另加35元更享一杯软饮和咖啡或茶。 营业时间：午餐 星期一至星期六 11:30-14:30晚餐 星期一至星期六 18:00-22:00 餐厅负责人：Felix Li预定电话：010 65846300 餐厅菜单餐厅优惠";"316";"";"";0
22;"北京";"北京康莱德酒店";"010-6584 6000";"中国北京市朝阳区东三环北路29号";"陆羽";" 010-65846290";"东三环北路29号北京康莱德酒店1楼";"11:30-22:00";"陆羽中餐厅占据了两层楼的空间。宏伟的入口以高耸的墙面为特色，其中镶嵌着一罐罐来自中国各个地区的不同茶叶，令人叹为观止。餐厅聘请北京最一流的厨师为客人打造纯正的本地特色菜式，不仅风味独特、令人垂涎，更有着宛如艺术品一般的创意呈现方式。 餐厅共有九间包房和一个开放区域，包房分别坐落在两层楼上，有专设的电梯往返于一楼与二楼之间，让客人倍感无微不至的服务。每间包房都设有独立的洗手间，其中三间配有私人厨房，为宾客营造出私密而又尊贵的氛围。宾客可选择就坐于高雅的开放区域，亦可在容纳20人的私人包房与亲朋欢聚，同时观赏厨师在开放式厨房中现场烹调。 陆羽餐厅以茶圣之名命名，暖色调的主格调加入刺绣，青瓷等元素，尽显高雅低调。各式香茗如茉莉龙珠、碧螺春、宫廷普洱和人参乌龙等让宾客在品茗茶香时清心养性。传统的京式菜肴及粤式美味让宾客沉浸在尽显中国饮食文化的饕餮盛宴中。 营业时间： 午餐   星期一至星期五 11:30-14:00              星期六至星期日 11:30-15:00晚餐   星期一至星期日 17:30-22:00          餐厅经理：Mirko Sun预定电话：010.65846290                   餐厅优惠";"176";"";"";0
23;"北京";"北京康莱德酒店";"010-6584 6000";"中国北京市朝阳区东三环北路29号";"绯";" 010-65846310";"东三环北路29号康莱德酒店5楼";"18：00 - 02：00";"绯酒吧位于裙楼顶层，风格时尚而灵动。轻松、快乐的音乐和众多饮品、小吃伴客人度过美妙时光。户外花园中令人炫目的都市霓虹更将为宾客带来沉醉的回忆。 酒吧的户外休闲区、标志性吧台、露天花园及舞池无不让人流连忘返。在宾客品味各类美酒的同时，更有驻店DJ现场打碟，令宾客沉浸于欢快愉悦的派对气氛。 夜晚在众星点缀的迷人夜色中，随着激情动感的旋律舞动，尽情释放活力。200多种香槟，鸡尾酒、威士忌或白兰地，让欢乐的气氛达到极致。 紧邻时尚中心三里屯，绯酒吧得天独厚的位置是追捧潮流人士的最佳选择，是京城全新的夜生活热点。  营业时间：星期一至星期日 18:00-02:00酒吧经理：Frieda Hou预定电话：010.65846311         ";"78";"";"";0
24;"北京";"北京康莱德酒店";"010-6584 6000";"中国北京市朝阳区东三环北路29号";"威士忌吧";" 010-65846302 010-65846000";"东三环北路29号康莱德酒店2楼";"17:00-00:00";"威士忌吧坐落于连接酒店和裙楼的观景桥之上，拥有精致的氛围，是您在餐前或餐后小酌一杯的理想之地。 整个威士忌吧都以沉稳、厚重的深色装饰并配以红色座椅，散发出如威士忌般深厚而又不失性感的气息。精致的黑色酒柜中陈列着各式著名威士忌，如芝华士、帝王、杰克丹尼、皇冠和麦卡伦等60余种，是威士忌爱好者的天堂。 宾客可在此享受观景桥上的独特景致，选一款钟意的威士忌，琥珀色的琼浆摇曳于刚阳质感的酒杯中，透着光线欣赏它或是昏黄或是浅淡的柔美的色泽，释放着浓烈香气，将鼻子探入杯中，用力而短促地嗅一下，享受优质威士忌香味的丰韵，喝一小口，威士忌独有的醇厚接触舌头上的每一个味蕾，令人回味绵长。 营业时间：星期一至星期日 17:00-00:00酒吧负责人：Ashley Gao预定电话：010.65846255";"-";"";"";0
25;"北京";"北京康莱德酒店";"010-6584 6000";"中国北京市朝阳区东三环北路29号";"大堂酒廊";"";"";"";"大堂酒廊拥有迷人的时尚空间和舒适的沙发与座椅。这里是进行商务会谈或休闲聚会的最佳地点。或者，也可以带上一本好书，就着飘香的咖啡或茶，静静度过一段安逸的时光。 大堂酒廊最大的迷人之处就是高大的水晶珠帘墙，将整个酒廊自然地分为两个区域，珠帘墙上绘以寓意着吉祥欢乐、繁荣幸福的锦鲤，微风掠过，巨大的珠帘轻轻摆动，在阳光下熠熠生辉，两条朱红色的锦鲤若水中牡丹般嬉戏、游弋，带给人祥和之气。 珠帘正对着的玻璃墙让阳光尽情地洒在整个大堂酒廊中，营造出温馨愉悦的氛围，酒廊内所有的白色沙发与酒店外部的白色装饰交相辉映，尽显时尚与奢华的韵味，给宾客带来轻快、活力之感。 无论是在商务会谈的早晨，还是悠然自处的午后，或是休闲会友的夜晚，宾客都可在这里度过美好时光，一边享用各式美味的点心和饮品，一边欣赏落地窗外清新宜人的景致，在茶茗的清香和咖啡的香醇气息中，享受轻松愉悦的心情。  营业时间：星期一至星期日 07:00-00:00酒廊经理：Diana Ji预定电话：010.65846280餐厅优惠";"";"";"";0
26;"上海";"上海希尔顿酒店";"021-6248 0000";"中国上海市华山路250号";"李奥纳多";" 62480000-1850";"华山路250号希尔顿酒店1楼";"晚上6点至晚间10点半";" 位于上海希尔顿酒店大堂的李奥纳多餐厅是一家历史久远、蕴含着浓郁艺术氛围的餐厅。如今，餐厅被装点一新，并且新增了李奥纳多酒廊部分，营业面积有所提升的同时带给客人更为全面的服务，让众多热爱意大利珍馐的食客有了更多的空间和选择。以文艺复兴时期的著名画家李奥纳多达芬奇命名，李奥纳多已成为意式菜系餐厅的典范。褪去了繁复的装饰，李奥纳多俨然脱胎换骨般重生。在保留其艺术特质的同时，少了一份凝重，多了一份休闲和愉悦。全新的品牌餐盘，透露着经营者的巧思，镏金的饰边加上水波纹的盘饰彰显时尚品位。多幅李奥纳多达芬奇大师的画作摹本被重新排列组合，呈现出不一样的氛围。错落有致的餐桌被铺上纯白的桌布，传递给人一种温馨的居家感受。暖金与红褐交织融汇成为餐厅色彩的基调，与桌上绚烂悦目的百合相映成趣。明亮的烛光在餐厅里摇曳，映亮了淡米色壁纸上那十多幅达芬奇的摹本作品。蒙娜丽莎的笑容突显得格外美丽，却神秘而又忧饶，艺术的灵动弥漫在优雅的环境中，散发在欧式的开放式烹饪台上，回味在创意十足的可口菜肴之间。凭借着一种对健康美食的灵感和追求，李奥纳多尊崇天然、采料新鲜，带来独具创意、风味绝佳的意大利美食。餐厅总厨萨卢斯先生在美丽的意大利奥斯塔长大，虽然他还非常年轻，已然练就了一手成熟的烹饪技巧。他的足迹遍布整个欧洲，并先后来到日本和中国澳门美高梅金殿酒店担任重要职务。萨卢斯先生于2010年来到了上海希尔顿酒店。从他设计的全新菜单中，您可以感受到他对烹饪的热情和创意。他希望每位来宾都能获得激动人心的崭新体验。您可以发现新鲜有机无处不在，加以正宗而富有创意的烹饪，孕育了新时尚意式厨艺经典。愉悦舒适的就餐氛围，弥漫着意大利式的浪漫。怀优牛肉薄片，柠檬、榛仁油和帕米吉艾诺-瑞吉艾诺奶酪；自制乡村匹萨，莫佐瑞拉水牛奶酪、烤番茄、乳精干酪、伊比利亚火腿；美味的炖小牛肉胫，米兰式藏红花烩饭，再来一份苦巧克力热方旦，糖煮杏子，姜汁冰激凌挑动味蕾，并且配以多款精选意大利葡萄美酒。上海希尔顿酒店的李奥纳多餐厅已然成为意式菜系中的翘楚。我们新一任的餐厅经理Kyle正迫不及待地期盼带领他的客人领略意大利美食之旅。时光静静流淌，欧洲乡村民谣在空中悠扬，文艺复兴的灵感在这里延伸。预订电话：021-6248 0000转1850 营业时间：晚上6:00至晚上10:30 地         点：大堂";"291";"";"";0
27;"上海";"上海希尔顿酒店";"021-6248 0000";"中国上海市华山路250号";"连天阁";" 62480000-1860";"华山路250号希尔顿酒店1楼";"24小时";"沐浴明媚阳光的滋润，品尝现烤香气四溢的美味匹萨，体会手工糖果所带来的无限乐趣，这一切都在装饰一新并且全新开张的连天阁咖啡厅。步入连天阁，印入眼帘的是全景的玻璃天顶和开阔的餐厅视野，以原木和绿色为基调结合优美圆润的线条设计，简约之中透露着独特品位。昔日的连天阁摇身成为了健康美食的乐园！自助餐台中央点缀着各式蔬菜和香草，田园气息迎面而来。在这里，并非只有美味口感是关键所在，充满创想的厨师们更赋予丰富情感及无限想象，给于食物以生命力。上海希尔顿酒店一直孜孜不倦在对客服务方面引入新的理念，特别是餐饮服务方面，不断推陈出新。在连天阁，您不仅可以亲自挑选钟爱的蔬果，还能品尝到厨师现场为您调配的新鲜健康色拉。至于热菜，除了传统的烤肉和海鲜，我们还精心烹制了各式美味佳肴，挑动您的味蕾。同时，体会异国香草的魔力，感受日式料理的风情，新鲜出炉的匹萨与面包更是令人垂涎欲滴。佳肴俱至之时又岂能缺少香茗为伴？待专业茶师为您沏壶功夫茶，25种茶叶任您挑选。品茶香之淡雅，享阁中之静谧。若还觉得缺少什么的话，那就去我们的糖果工厂逛逛吧。回味儿时的童真，让孩子们释放创新的能量，获取灵感，混搭各式配料，制作出自己的专属糖果。值得一提的是，梦幻的纸杯蛋糕塔，成为了连天阁的绝对甜点主角。特别是对于女生们来说，各式各样色彩缤纷的松软蛋糕被点缀在华丽花边纸杯中，令人爱不释手。快来体验全新的连天阁咖啡厅概念自助餐吧品有机佳肴，享优质服务，过健康生活，踏绿色之旅。除却自助服务之外，更可以从融和了全球风味的菜单中点用您最喜爱的精烹佳肴，晚餐时分伴随点点烛光，聆听柔美乐曲，享受静谧时光。预订电话：021-6248 7777转1860 营业时间： 24小时营业 地        点： 大堂 ";"176";"";"";0
28;"上海";"上海希尔顿酒店";"021-6248 0000";"中国上海市华山路250号";"天府楼";" 021-62480000";"华山路250号希尔顿酒店39楼";"周一至周五 11:30~14:00,17:30-21:30周末 17:30-21:30";"品尝正宗川菜，感受中国饮食之精粹，透过39楼的窗口, 看日夜演绎的上海故事。大厨谢正杰从天府之国、麻辣之乡成都带来的国粹川菜，您在位于上海希尔顿酒店的天府楼就能品尝。天府楼是上海地理位置最高的一家著名川菜餐厅，其倍受推崇的原因有三：壮丽开阔的视野，质高味美的菜肴和面面俱到的服务。餐厅内饰有唐朝石雕，就餐氛围宁静典雅，景致秀丽宜人、步步成趣。每晚的古筝演奏更令就餐别有一番情趣。附设的贵宾包厢可容纳14位来宾。谢厨师烹饪所使用的香草和调味料每天从成都空运而来，以确保菜肴的品样均佳。新菜单加入了极受欢迎的凤尾鱼翅汤，干烧龙虾，还有著名的成都樟茶鸭。其他特色菜肴包括干烧肉末桂鱼、宫煲肉丁、鱼香肉丝、核桃泥、杏仁豆腐和四川担担面。从成都各大餐厅到上海，谢厨师拥有三十年烹饪川菜的经验。在他的执掌下，天府楼被知名媒体《艺术家》和《周末画报》等几度评为上海最佳川菜餐厅。天府楼还获得上海最佳川菜餐厅餐桌奖。此奖为著名的新加坡餐桌媒体集团专设，奖励香港、吉隆坡、上海及新加坡的最佳餐厅。以其高端的品位和服务又获得了《富世》杂志授予的传世美食大赏，及《高峰》杂志授予的 Best of the Best大奖。预订电话： 6248 0000转1890 营业时间： 11点 30 分-2点30分 （周一至周五）                        晚餐：6点-10点30分（周一至周日）地        点：39层";"185";"";"";0
29;"上海";"上海希尔顿酒店";"021-6248 0000";"中国上海市华山路250号";"水上人家";" 021-62487777 62480000-1830";"华山路250号希尔顿酒店B1楼";"&quot;上午11点30分至下午2点30分（午餐）下午5点30分至晚间10点30分（晚餐）&quot;";"水上人家位于上海希尔顿酒店地下一层，是一家以创新宁波菜系为主的时尚摩登餐厅。由上海希尔顿酒店和汉通餐饮连锁公司友情合作。汉通连锁海鲜餐厅具备新鲜、优质、超值的特征。如今您身处上海，便可领略海鲜珍馔。新鲜海鲜和优质服务是我们成功的秘诀。我们只供应当天捕获的海鲜。清晨捕自东海和舟山群岛的海产，供应商上午就能运送到水上人家。来宾在中午光顾时，各色鲜活海鲜已经就绪、供人挑选，这里还有上好的鱼翅、鲍鱼。从酒店大堂中央循着淙淙水声拾级而下，首先映入眼帘的是一座寓意着吉祥富贵如意，游弋着888条小红鱼组成的生态景观池。推门而入，只见透明玻璃分隔着一间间错落有秩的贵宾包厢，顺着蜿蜒的涓涓细流分布在餐厅中央。设计新颖的水族箱在一旁矗立，形态各异的水族在其中。宁波蟹，龙虾，河虾，小鲨鱼，河鳗，银鲳鱼，苏眉，石斑蛤蜊，蛇，海观园， 来宾可任选鲜活水族让厨师立即烹饪，殷勤的迎宾小姐们还会为客人介绍用何种方式烹饪最为美味。 豆瓣酱蒸白蟹，锅烧河鳗，铁板蛏子，雪菜大汤黄鱼，还有，特色黄泥螺，这些仅仅是一百五十多种选择中的几道代表菜肴。水上人家倍受住店客户和店外来宾的赏识、推崇和好评，并多次被权威媒体评选为上海顶级百家餐厅之一。地        点：地下一层";"257";"";"";0
30;"上海";"上海希尔顿酒店";"021-6248 0000";"中国上海市华山路250号";"吧三十九";"";"";"";"广阔的视野加上三十九楼的独特位置，使吧三十九成为饱览上海繁华夜景的绝佳选择。更有现场乐队营造出优雅氛围。预订电话：021-6248 0000 转1880营业时间：晚上6:00至凌晨1:30地         点：39楼";"";"";"";0
31;"上海";"上海希尔顿酒店";"021-6248 0000";"中国上海市华山路250号";"静安廊";" 021-62487777 021-62480000";"华山路250号希尔顿酒店38楼";"尚无营业时间";"位于大堂的静安廊是您享用下午茶和商务会面的最好选择。这里还供应欧式早餐和各类饮料小食，每晚更有爵士乐队的现场表演。预订电话：021-6248 0000转1840营业时间：上午7:00至凌晨12:30 地         点：大堂";"141";"";"";0
32;"上海";"上海希尔顿酒店";"021-6248 0000";"中国上海市华山路250号";"美食角";" 62480000-1760";"华山路250号希尔顿酒店1楼";"早上7点至晚间10点";"位于酒店大堂的美食角以自制产品为特色。包括糕点、巧克力、肉制品、香肠和奶酪等。 预订电话：021-6248 0000转1760营业时间：上午7:00至晚上10:00 地       点：大堂";"43";"";"";0
33;"上海";"上海虹桥元一希尔顿酒店";"021-3323 6666";"上海红松东路1116号";"全日制餐厅-元";"";"";"";"元餐厅的各种风味美食花样百出，感受轻松怡人的氛围，您可以全天候品尝大厨们在明档厨房和美食摊档现场烹调的新鲜菜式，自助琳琅满目的中式、亚洲和地中海各国佳肴，饱尝寰宇的多元化风味。再点上一杯酒水吧独家特调的香桃冻饮，心中简直一片华彩乐章。餐厅还单独提供顶级澳洲牛排，火候刚好的5分熟牛排鲜嫩多汁，搭配精选酒单中的醇厚红酒，让享受达到极致。甜点台前同样让人驻足，所有甜品全部手工新鲜制作，焦糖炖蛋，各色巧克力，提拉米苏，个个诱人。甜点师力荐松露巧克力蛋糕，适中的甜度、馥郁的巧克力味和绵密的口感，是让人幸福和感动的甜品，堪称城中一绝。预订电话: 021 3323 6571位置: 虹桥元一希尔顿酒店 二号楼一层 点击下载：全日制元餐厅零点菜单乐享元餐厅 周日早午餐儿童烹饪教室   ";"";"";"";0
34;"上海";"上海虹桥元一希尔顿酒店";"021-3323 6666";"上海红松东路1116号";"驿动大堂吧";"";"";"";"来到驿动大堂吧，把酒言欢，这里充满了令您食指大动的各色茶点，鲜美醇香的咖啡，果汁，自制的馅饼，三明治和糕点还有黄昏时分的鸡尾酒。当夜幕徐徐降临时，您可以感受驿动的灵魂所在，在缓缓的律动和摇摆中体会忙里偷闲的怡情小趣。预订电话: 021 3323 6579位置:虹桥元一希尔顿酒店 二号楼一层 ";"";"";"";0
35;"上海";"上海虹桥元一希尔顿酒店";"021-3323 6666";"上海红松东路1116号";"红酒吧-蔓";"";"";"";"余韵上海，蔓漫葡香品味新旧世界葡萄酒的丝绸质感，深深沉迷在馥郁的细腻酒香。在;蔓吧，点上一支上好雪茄，享受陈年威士忌，或只是陶醉在蔓漫葡香。预订电话: 021 3323 6579位置: 虹桥元一希尔顿酒店 一号楼一层 ";"";"";"";0
36;"上海";"上海虹桥元一希尔顿酒店";"021-3323 6666";"上海红松东路1116号";"卡颂美味店";" 021-33236572";"红松东路1116号虹桥元一希尔顿酒店大堂西侧";"晚上9点收摊";"新鲜即制，叫人无法抗拒的巧克力、糕饼和点心，林林总总的面包、三明治和其他可口小点，不管任何时候光临都可以让您找到属于自己的美味最爱。营业时间: 早上7:00至晚上11:00 位置:虹桥元一希尔顿酒店 二号楼一层 ";"-";"";"";0
37;"上海";"上海虹桥元一希尔顿酒店";"021-3323 6666";"上海红松东路1116号";"行政酒廊";"";"";"";"上海虹桥元一希尔顿酒店行政酒廊位于3号楼3楼，是您个人休闲和举行小型会议的绝佳去处。营业时间: 早上七点至晚上十一点。入住行政楼的嘉宾可以专享行政酒廊。白天您可品味免费早餐、精美点心以及各式饮品。夜晚更有鸡尾酒为您带来斑斓心情。在行政酒廊您可以享受到:行政酒廊区域免费无线网络每个房间每次入住可免费使用2个小时会议室，并可享受传真，打印，复印等服务全天免费提供软饮及可口小食各类国际杂志和报纸免费自助早餐免费下午茶专享贵宾入住，退房礼遇礼宾服务每个房间每天免费熨烫一套衣服免费晚间鸡尾酒我们很高兴为您提供:早餐:周一至周五07.00-10.00周六和周日07.00-10.30下午茶:15.00-17.30晚间鸡尾酒:18.00- 20.30*食品及饮料仅限在行政酒廊享用位置: 虹桥元一希尔顿酒店 三号楼三层  ";"";"";"";0
38;"上海";"上海外滩华尔道夫酒店";"021-6322 9988";"上海市黄浦区中山东一路2号，中国";"百味园";" 021-63229988";"中山东一路2号华尔道夫酒店新塔楼";"营业时间： 早餐： 上午6.30 – 上午10.30 周一至周五 上午6.30 – 上午11.00 周六至周日 午餐： 上午11.30 –下午3.00 周日早午餐： 上午11.00 –下午3.00 11点开始于廊吧 晚餐： 下午5.30 – 晚上11.00";"‍‍‍‍‍‍置身于上海绝佳中心地带，百味园为您提供摩登现代却又不失惬意的用餐环境。精细打磨过的大理石台面和圆柱，抛光过的木制桌子，舒适的大厅和座椅，无一不散发着精心雕琢的奢华韵味，为您呈现源自纽约华尔道夫酒店的现代化曼哈顿餐厅般的环境。甄选优质季节性食材，厨师经典而简约的烹饪手法为您带来美味可口的欧陆式美味菜肴。 餐厅全天开放，宾客们可透过长长的展示厨房，观赏到厨师们展示其娴熟的烹饪技术。大快朵颐前，可先享用一支酒橱收藏的美酒，或是在吧台享用一杯浓浓的卡布其诺。通过落地窗可俯瞰整个用绿化打造的精美庭院，让您在熙熙攘攘的城市里享受一种难得的平静与自然。为宾客的私人聚会，百味园还设有两间私人包厢，每间包厢可容纳十个人；另有两间迷你包厢位于存酒阁内，是品尝各地美酒、享用浪漫晚餐的理想之地。 经典推荐菜品包括华尔道夫色拉、嫩烤金枪鱼、特色分享牛排和大理石巧克力蛋糕。周一至周六期间，宾客可享午市套餐与晚餐限时优惠；周日，百味园邀您共享沪上最负盛名的华尔道夫香槟早午餐饕餮之旅，为味蕾带来尊贵的享受。‍‍‍‍‍‍‍‍‍‍‍‍营业时间：早餐：　上午6:30 – 上午10:30（周一至周五）　　　　上午6:30 – 上午11:00（周六至周日）午餐：　上午11:30 – 下午3:00（周一至周六）早午餐：上午11:00 – 下午3:00（11点开始于廊吧，仅限周日）晚餐：　下午5:30 – 晚上11:00（周一至周日）‍‍席位数：160席，4间包房共有40席‍‍‍着装要求：商务正装、休闲服 地点：华尔道夫酒店下沉一‍‍‍‍层‍‍‍‍‍‍预订：请致电+86 21 63229988 或发送邮件至shawa.fb@waldorfastoria.com 餐厅菜单餐厅菜单";"316";"";"";0
39;"上海";"上海外滩华尔道夫酒店";"021-6322 9988";"上海市黄浦区中山东一路2号，中国";"Pelham's餐厅";" 63229988-3125";"中山东一路2号华尔道夫酒店L楼";"午餐：上午11：30—下午14：00（周一至周五） 晚餐： 下午18：00—晚上23：00（周一至周日）";"在这拥有古典魅力的上海外滩华尔道夫酒店里，Pelham's是一间让您感受到集优雅礼节与温馨私密一体，又不会过于正式的和谐风格的西餐厅。透明展示型厨房，让您的用餐体验仿佛是享受了一场精彩的晚间剧场演出。独具匠心的冰冻展示酒库兼饰两角，不仅体现了独特的私人空间，而且提供了超过500瓶的美酒及香槟可供选择。  拥有16年烹饪经验的主厨Dupas先生，曾在法国、英国和迪拜的多家顶级餐厅中任职。由他主理和设计的全新菜单，精选当季新鲜食材，延续摩登法式美食概念，以其精湛烹饪技艺和无限创意，演绎经典与摩登完美融合的法餐体验。鹅肝酱和牛鞑靼是Dupas称道的创意开胃菜。值得推荐的主菜包括波士顿龙虾和澳洲和牛里脊等。巧克力蛋奶酥和法式草莓蛋糕则是令人神往的法式甜点。此外，主厨Dupas还设计了七道式Pelham's经典套餐，令饕客们的味蕾得到前所未有的礼遇。 ‍‍营业时间：‍‍中午11:30 – 下午2:00（周一至周五）‍‍‍‍晚上6:00 – 晚上10:00（周一至周日）‍‍‍‍座位数：58座，1个包房可容纳12至16人‍‍‍‍着装要求：商务正装、休闲服‍‍‍‍地址：华尔道夫会所大堂楼层预订：请致电+86 21 63229988 或发送邮件至shawa.fb@waldorfastoria.com‍‍餐厅菜单餐厅菜单餐厅菜单";"419";"";"";0
40;"上海";"上海外滩华尔道夫酒店";"021-6322 9988";"上海市黄浦区中山东一路2号，中国";"蔚景阁中餐厅";"";"";"";"‍‍‍‍‍‍蔚景阁是一家现代化中餐厅，以各种有趣的中国古玩复制品和艺术展示为特色。走进这里，就仿佛进入了一间被人遗忘的阁楼。开放式的椽木天花板以及传统的中国栅格结构增添了""阁楼""的气氛。中央走廊的特色在于现代的背光灯墙，里面展示着中国""珍宝""和有趣的物品。‍‍具有中国艺术风格的室内设计与华尔道夫会所的传统结构相互辉映，营造出奢华的就餐环境。这里有6间个性化设计、布置的雅间，里面设计有专用休息室和洗手间。‍‍蔚景阁为您提供真正地道的中国佳肴，包括上海菜、广东菜和淮扬菜系，满足您挑剔的味觉。餐厅的另一特色是藏有500多瓶葡萄酒的酒窖，每一瓶都由酒师们精心挑选，除此之外，还有中国利口酒、白酒以及上等茶水可供选择。‍‍‍‍另外，蔚景阁的点心也因其地道的风味而广受好评，经典粤式点心与中国名茶任君选择。商务午餐套餐周一至周五供应。每周六和周日提供点心早午餐，可畅享各式粤沪点心。‍ ‍‍营业时间：午餐：上午11:30 – 下午2:30‍‍晚餐：下午5:30 – 晚上10:30‍‍‍‍席位数：120席‍‍，6‍‍间包房‍‍着装要求：商务正装、休闲服‍‍‍‍地点：华尔道夫会所五楼‍‍‍‍预订：请致电+86 21 63229988 或发送邮件至shawa.fb@waldorfastoria.com餐厅菜单";"";"";"";0
41;"上海";"上海外滩华尔道夫酒店";"021-6322 9988";"上海市黄浦区中山东一路2号，中国";"廊吧";" 021-63229988";"中山东一路2号华尔道夫酒店L楼";"周一至周六 下午16:00至凌晨1:00；周日 下午14:00至凌晨1:00";"‍‍‍‍上海总会（以前的俱乐部，其地址就是当今华尔道夫会所所在地）的廊吧闻名遐迩，在20世纪10年代早期，以拥有34米长的吧台，被誉为远东地区最长的吧台，给人留下了深刻的印象。如今，廊吧的原设计将重现于世，酒吧的每个元素和木护墙被认真研究并通过照片记录被复制。总体的风格用深色的木材镶以浅色的石面，配以深色的家具。‍‍廊吧供应各式各样的酒，包括鸡尾酒及原创制作的Waldorf Astoria Classics。有30多种国际和地方啤酒可供选择。对于那些热忠于雪茄的人来说，LONG BAR还有提供优质古巴雪茄、多米尼加雪茄和厄瓜多尔雪茄。‍‍生蚝品席(OYSTER BAR) ，将旧时的奢华带回今日。酒廊品席特别提供午间商务套餐：可口的主食搭配新鲜色拉，让您体验健康人生；同时在夜间提供美味的聚会小食，让您度过休闲放松的完美时光。这些别出心裁的创意为这座经典的酒吧带来一丝与众不同的趣味。‍‍‍‍当宾客在酒吧的尽头欣赏着外滩步行街迷人景色的同时，享受随着表演者带来的动感节奏而舞动的快感。爵士乐为这个经典的酒吧注入了新的灵魂。‍‍‍‍ ‍‍营业时间：下午4:00 – 次日凌晨1:00（周一至周六）‍‍下午2:00 – 次日凌晨1:00（周日）‍‍‍‍‍‍‍‍席位数：80席‍‍‍‍着装要求： 商务正装、休闲服‍‍‍‍‍‍地址：华尔道夫会所大堂楼层‍‍预订：请致电+86 21 63229988 或发送邮件至shawa.fb@waldorfastoria.com餐厅菜单餐厅菜单";"294";"";"";0
42;"上海";"上海外滩华尔道夫酒店";"021-6322 9988";"上海市黄浦区中山东一路2号，中国";"浦江汇";" 021-63229988";"中山东一路2号外滩华尔道夫酒店1楼";"中午14：00至晚上18:00";"‍‍浦江汇过去是上海总会男性会员忠于读报、了解最新新闻或抽一斗烟的阅读室，然而现在已成为华尔道夫会所传统建筑中略带粉饰的休闲廊。这里配有围坐的传统沙发和经典的瓷器柜，且色调更欢快、生动，采用了金黄色、棕色以及绿色的一系列葡萄酒色的点缀，使这里成为追求精致生活和高品位的您放松休闲的不二选择。‍‍‍‍‍‍‍‍‍‍‍‍‍‍浦江汇是宾客与朋友品咖啡、喝下午茶或香槟酒的理想去处。这里提供华尔道夫红丝绒下午茶，传统的三层点心架上精心摆放着精致小巧的三明治、茶点、各种开胃小食，以及经典的英式原味和葡萄干松饼。下午茶的行家还可从众多诱人甜点和泡芙中挑选心仪的美食。当然，负有盛名的红丝绒蛋糕绝对不容错过。浦江汇可谓是名副其实，在这里，宾客可以完全放松身心，同时可以欣赏城市浦东、外滩的美丽景色。‍‍ ‍‍‍‍‍‍‍‍‍‍‍‍营业时间：下午2:00 – 晚上6:00（周一至周五）‍‍‍下午1:30 – 晚上6:30（周六至周日）‍‍‍‍席位数：42席‍‍ ‍‍着装要求：商务正装、休闲服‍‍ ‍‍地点：华尔道夫会所大堂楼层‍‍预订：请致电+86 21 63229988 或发送邮件至shawa.fb@waldorfastoria.com";"365";"";"";0
43;"上海";"上海外滩华尔道夫酒店";"021-6322 9988";"上海市黄浦区中山东一路2号，中国";"羿庭";" 021-63229988";"中山东一路2号华尔道夫酒店新塔楼";"早9:00~晚11:00";"‍‍摩登雅致的羿庭是纽约华尔道夫同名餐厅的变体。羿庭是一间供应饮料和食物的酒廊。这间高档酒廊完美融合了华尔道夫经典氛围和明朗的现代感。购物间隙，可以来此吃顿便饭，小憩一会；亦可以邀约几位好友来此喝一杯下午茶，或与您的客户在此进行一场非正式的商务会面。此外，华尔道夫的特色菜肴也绝不会让您失望。‍‍‍‍羿庭，富有队列感的布置格局，使来此消费的宾客皆可一目了然。星星点点的圆桌隔断了长廊，给宾客提供了欢聚的私密空间。‍‍‍‍咖啡馆区域配有特色经典的手动咖啡机，并在羿庭远处角落配有一个特色吧台，为顾客提供私密的交流空间。一个封闭空间将羿庭与楼下的百味园与开放式厨房完美地连成一体。‍‍‍‍营业时间：早9:0‍‍0 - ‍‍晚11:00（下午茶：每日下午2:00 – 晚上6:00） ‍‍席位数：51席‍‍ ‍‍着装要求：商务正装、休闲服‍‍ ‍‍地点：华尔道夫酒店大堂楼层‍‍预订：请致电+86 21 63229988 或发送邮件至shawa.fb@waldorfastoria.com餐厅菜单";"342";"";"";0
44;"上海";"上海东锦江希尔顿逸林酒店";"021-5050 4888";"上海市浦东杨高南路889号";"晶水坊";" 021-50504888";"杨高南路889号东锦江希尔顿逸林酒店B1楼";"尚无营业时间";"装饰现代的晶水坊餐厅，为美食爱好者提供各种类型的广东美食和本帮佳肴，如香嫩多汁的越式牛肉粒，香脆可口的干煸花菜煲，鲜香爽口的双椒明虾球，经典美味的古法佛跳墙还有香浓酥脆的葱油麻球等经典美味菜肴等您来品尝。小桥流水人家，这里风景独好，餐厅内装饰典雅朴素，给您一个在喧闹城市内最惬意美好的用餐环境。餐厅位于西楼B1层，共设有150个餐位。设有两间贵宾包房。";"252";"";"";0
45;"上海";"上海东锦江希尔顿逸林酒店";"021-5050 4888";"上海市浦东杨高南路889号";"咖啡厅";" 021-50504888";"杨高南路889号东锦江大酒店46楼";"尚无营业时间";"一间彰显前沿时尚的自助餐厅咖啡厅，以其优雅的环境为特质，为客人提供了国际化的精选菜单，精选下午茶更是您商旅途中难得慵懒小憩的好选择。酒店行政总厨特别推荐喷香四溢的烤带骨肉眼牛排（配烤土豆及香料黄油）以及鲜香嫩滑的金枪鱼排，让您惬意地享受这舒适的灿烂时光。餐厅位于西楼1层，拥有170个餐位。  ";"223";"";"";0
46;"上海";"上海东锦江希尔顿逸林酒店";"021-5050 4888";"上海市浦东杨高南路889号";"大堂酒廊";"";"";"";"酒店内的优雅惬意的大堂酒廊，犹如身处自然光线的花园之中，在这里，您可以享用花色繁多的鸡尾酒、茶水等，更有惬意的下午茶来放松您的身心；无论您是商务客户还是度假旅游悠闲一族，香滑多汁的安格斯牛肉芝士汉堡与热腾腾的美味热狗无非是您小憩片刻的绝佳选择&hellip;&hellip; 餐厅位于西楼的一层，最适合100位客人用餐";"";"";"";0
47;"香港";"香港港丽酒店";"00852-2521 3838";"香港金钟道88号太古广场";"金叶庭";"";"";"";"位于酒店大堂低层的金叶庭装潢别具气派，散发着优雅的东方格调。米其林一星评誉中菜食府金叶庭提供的高级新派广东菜，为您带来精选点心以及各式经典的佳肴美馔。餐厅设有三间贵宾房，最适合12-16位客人用餐。 营业时间：  早餐   上午9时至上午11时（星期六丶日及公众假期）   午餐   中午11时30分至下午3时（星期一至六）/   中午11时至下午3时（星期日及公众假期）   晚餐   每日下午6时至晚上11时餐厅菜单";"";"";"";0
48;"香港";"香港港丽酒店";"00852-2521 3838";"香港金钟道88号太古广场";"怀欧叙";"";"";"";"位于酒店八楼的怀欧叙融合传统及现代法式欧陆美馔，餐厅宽敞，配合开放式的厨房设计，让客人可以在轻松舒适的环境下用餐。 餐厅设有一间贵宾房，最适合16位客人用膳。营业时间：午餐 中午12时至下午3时 (星期一至五)周六香槟早午餐中午12时至下午3时 (星期六)周日自助早午餐上午11时至下午3时 (星期日)晚餐每日下午6时至晚上11时餐厅菜单餐厅菜单";"";"";"";0
49;"香港";"香港港丽酒店";"00852-2521 3838";"香港金钟道88号太古广场";"咖啡园";"";"";"";"位于酒店大堂低层，咖啡园汇聚东南亚及传统西方美食，全天侯自助餐供应，于晚市提供池畔烧烤，是聚会及商务午餐的首选。餐厅空间宽敞，设有户外及室内雅座，适合家庭聚会或飨三五知己聚餐。咖啡园户外池畔酒吧以崭新面目登场，当代简美设计洋溢舒怀气氛，池畔流水盖上漫天星火让您放下生活烦忧。调酒师精调特色鸡尾酒，另备一系列高档威士忌及手卷雪茄，让您在纸醉金迷的城市景致中体验高品位的生活哲学。款款美酒佐以热烘烧烤美食，让您尽情沉醉于都市的时尚魅力。每逢周五晚上驻场DJ将为派对注入跃动节拍，让您与三五知己彻夜尽兴。‍营业时间：全日自选菜式每日上午6时30分至凌晨12时自助早餐每日上午6时30分至上午11时自助午餐每日中午12时至下午2时30分下午茶自助餐下午3时至5时30分（星期六丶日及公众假期）自助晚餐每日下午6时至下午10时30分池畔酒吧每日下午6时至深夜餐厅菜单";"";"";"";0
50;"香港";"香港港丽酒店";"00852-2521 3838";"香港金钟道88号太古广场";"乐聚廊";"";"";"";"位于酒店大堂楼层，布置高贵典雅，提供精致小食、特色鸡尾酒、各式佳酿以及晚上的现场乐队演奏适合任何聚会。全日餐饮选择不止于此；特式咖喱自助午餐、周末香烤自助餐、亚洲或传统西式下午茶餐及宵夜自助餐亦令一众饕客垂涎。营业时间：全日自选菜式每日上午8时至凌晨1时自助早餐每日上午8时至上午10时30分咖哩自助午餐中午12时正至下午2时30分（星期一至五）周末香烤自助餐中午12时30分至下午2时30分（星期六丶日及公众假期）亚洲及西式下午餐下午3时至5时30分（星期一至五）下午茶自助餐下午3时至5时30分（星期六丶日及公众假期）宵夜自助餐下午8时30分至11时（星期五及六）餐厅菜单";"";"";"";0
51;"香港";"香港港丽酒店";"00852-2521 3838";"香港金钟道88号太古广场";"宝丝吧";"";"";"";"位于酒店八楼的宝丝吧，环境优雅，远眺美丽醉人的维多利亚港景致，更提供各式精选鸡尾酒、红酒、威士忌等，以供品尝。绝对是在繁华闹市，与友欢尝美酒的最佳地方。营业时间：中午12时至凌晨12时30分（星期一至五）下午5时至凌晨12时30分（星期六及星期日）";"";"";"";0
52;"重庆";"重庆希尔顿酒店";"023-8903 9999";"中国重庆市渝中区中山三路139号";"Café@Two西餐厅";" 89039999-6312";"中山三路139号希尔顿酒店内";"每日06：00至21：30";"本市享誉盛名的Café@Two全日制西餐厅拥有开放式厨房、木质传统披萨烤炉和面档，还有主题海鲜火锅和周日早午餐，更有希尔顿健康食谱;希尔顿本地风味及各式零点菜单与儿童菜单供您选择。营业时间：周一至周日  早餐早上6点至10点半  午餐中午12点至下午2点半  晚餐晚上6点至9点半 周日早午餐中午12点至下午3点。自助餐均享受团购优惠价。 ";"156";"";"";0
53;"重庆";"重庆希尔顿酒店";"023-8903 9999";"中国重庆市渝中区中山三路139号";"醉月厅中餐厅";" 023-89039999";"中山三路139号希尔顿酒店2楼";"午宴 - 每日11：30至14：30晚宴 - 每日17：30至22：30";"醉月庭中餐厅提供名厨主理的正宗粤菜和川菜，以及品种丰富的海鲜精选。意韵雅致的九间包房尽现中餐美轮美奂的文化氛围。醉月庭中餐厅是您商务宴请与生日聚会的理想场所。营业时间：上午11:30 - 下午 2:30 。下午 5:30 &ndash; 晚上10:30 (点单截止时间为晚上09：30) ";"121";"";"";0
54;"重庆";"重庆希尔顿酒店";"023-8903 9999";"中国重庆市渝中区中山三路139号";"龙吧  扒房";"";"";"";"木质镶板装饰的酒吧弥漫着20年代旧上海的优雅气息，为烛光晚餐和私人聚会营造完美的氛围。营业时间：每日17:00至24:00 ";"";"";"";0
55;"重庆";"重庆希尔顿酒店";"023-8903 9999";"中国重庆市渝中区中山三路139号";"凌波阁大堂吧";" 89039999-6306";"中山三路139号希尔顿酒店内";"尚无营业时间";"凌波阁大堂吧是理想的休闲场所。透过超大落地窗欣赏窗外街景的同事来一杯茶类特饮，或者点一杯您挚爱的鸡尾酒，尽情享受悠闲时刻。 营业时间：上午8点至凌晨1点。";"44";"";"";0
56;"重庆";"重庆江北希尔顿逸林酒店";"023-6771 6666";"重庆市江北区洋河一路68号协信中心B栋";"品味全日制餐厅";" 023-67768356";"洋河一路68号协信中心B栋希尔顿逸林酒店内";"17:30-21:30";"设计时尚小资的品味全日制餐厅，为您开启舌尖与味蕾的奇妙体验之旅。品味中西方烹饪精髓，尽享山城的麻辣诱惑。新古典主义风格的大厅及两个设计简约的包房供应精选的本地、亚洲及西式风味自助早晚餐与商务午间套餐，更有希尔顿逸林零点菜单及儿童菜单供您选择。座位：90            包间：2预订电话：023-67768356营业时间：早餐：6:30-10:30 (工作日)；6:30 - 11:00 (周末) 午餐：12:00-14:30 晚餐：17:30-21:30 餐厅菜单";"206";"";"";0
57;"重庆";"重庆江北希尔顿逸林酒店";"023-6771 6666";"重庆市江北区洋河一路68号协信中心B栋";"林廊吧";" 67716666-8123";"洋河一路68号协信中心B栋";"尚无营业时间";"沉醉与林廊慵懒的爵士乐中，尊享美酒与雪茄的独特韵味；亦或小憩与林廊极具浓郁东南亚风情的户外花园，细意慢品都市优活旋律，不失为商务洽谈及友人小聚的首选之地。座位：76预订电话：023-6771 6666转8123营业时间：10:00 - 01:00 ";"-";"";"";0
58;"重庆";"重庆江北希尔顿逸林酒店";"023-6771 6666";"重庆市江北区洋河一路68号协信中心B栋";"逸苑中餐厅";" 67716666-8366 67716666-8388";"洋河一路68号协信中心B栋希尔顿逸林酒店三、四楼";"午餐：11：30—14：00晚餐：17：30—21：00";"逸苑中餐厅提供名厨主理的精致重庆江湖菜、创意粤菜，以及品种丰富的海鲜精选。意韵雅致的大厅及21间包房尽现中餐美轮美奂的文化氛围，是您商务宴请与聚会的理想场所。营业时间：  午餐：11：30--14：30                 晚餐：17：30--21：30预订电话：023-67768388餐厅菜单";"213";"";"";0
59;"重庆";"重庆万州万达希尔顿逸林酒店";"+86 (0) 23 5899 9999";"中国重庆万州区北滨大道二段1001号";"享味全日制餐厅";" 023-58999999";"北滨大道二段";"10:30-15:00 17:30-22:00";"享味全日制西餐厅设计别致而现代，提供高品质的咖啡、茶，健康饮品以及中西美味的完美结合，让您感觉舒适。大厅设计典雅而现代，让您感觉休闲而热情。餐厅的特点是时尚、现代的开放式厨房，并且有精美的自助餐展示台。餐厅优惠";"153";"";"";0
60;"重庆";"重庆万州万达希尔顿逸林酒店";"+86 (0) 23 5899 9999";"中国重庆万州区北滨大道二段1001号";"悦轩中餐厅";"";"";"";"典雅、安静的中餐厅拥有7个全江景包间，午餐和晚餐提供经典中式美食包括粤菜、川菜和本地菜及其他地域传统美食。餐厅由最出色的大厨烹饪美味可口的各式粤菜和川菜和本地菜等系列。餐厅优惠";"";"";"";0
61;"重庆";"重庆万州万达希尔顿逸林酒店";"+86 (0) 23 5899 9999";"中国重庆万州区北滨大道二段1001号";"大堂吧";"";"";"";"置身静谧雅致的酒店大堂吧，尊享甜品、咖啡及鸡尾酒等美食带来的享受；这里是您商务洽谈及朋友小聚的理想之所。餐厅优惠";"";"";"";0
62;"三亚";"金茂三亚亚龙湾希尔顿大酒店";"0898-8858 8888";"中国海南省三亚市亚龙湾国家旅游度假区";"“丰园”中餐厅";" 88588888-8140";"亚龙湾国家旅游度假区希尔顿度假酒店1号楼1楼";"11:00-2:30pm, 5:30pm-10:00pm";"在丰园用餐的客人可以品尝这片土地的最佳恩惠。客人可以在现代风格的餐厅内一了品尝中式佳肴的夙愿，或在露台上放松身心。高品质的佳肴与精致的菜肴，价格适中。无论年长者或年轻人都喜欢这个餐厅与这里的菜肴，虽然身在酒店却有回到家的感受 。";"261";"";"";0
63;"三亚";"金茂三亚亚龙湾希尔顿大酒店";"0898-8858 8888";"中国海南省三亚市亚龙湾国家旅游度假区";"“冰源”餐厅";" 0898-88588888";"亚龙湾国家旅游度假区希尔顿度假酒店";"17:30-22:00";"在&ldquo;冰源&rdquo;餐厅品尝&ldquo;海滨新风尚美食&rdquo;。作为酒店标志性餐厅，&ldquo;冰源&rdquo;精选餐厅以水为主题，提供纯正海鲜及精选葡萄酒，同时将创新理念与现代厨艺完美融合。到达后，客人可以先品尝一至两杯餐前酒，无论是葡萄酒、鸡尾酒还是日本清酒、绍酒或根据您的需要精心调制的酒都一应俱全。来到主用餐区，进一步享受用餐的乐趣：透明的玻璃地板建在鲤鱼池上，高至天花板的鱼缸居于中央，私人用餐区置于玻璃与流水环绕之中。您可选择在&ldquo;冰源&rdquo;餐厅露台预订您的晚餐亦或在品尝美食的同时聆听来自大海的天籁之音。 品尝时尚、健康、新鲜美食，&ldquo;冰源&rdquo;餐厅是您在三亚体验美食的心怡之地。";"426";"";"";0
64;"三亚";"金茂三亚亚龙湾希尔顿大酒店";"0898-8858 8888";"中国海南省三亚市亚龙湾国家旅游度假区";"“霖轩”大堂吧";" 88588888-8170";"亚龙湾国家旅游度假区希尔顿度假酒店内";"11:00-23:00";"宽敞亮丽的大堂酒廊，坚固的柚木给人以舒适的感觉，所以餐厅命名为霖轩，是白天都开放的餐厅。装饰典雅的柚木台，饰以特别定制的艺术品；时尚的香茗专柜，供应各种中国名茶，无论是餐前小酌还是饭后闲坐，这里都是您的如意之处。";"79";"";"";0
65;"三亚";"金茂三亚亚龙湾希尔顿大酒店";"0898-8858 8888";"中国海南省三亚市亚龙湾国家旅游度假区";"海趣缘沙滩吧";"";"";"";"微风亲吻着脸庞，海水拍打着沙滩，闲坐在木制的沙滩吧，品上一杯可口的鲜榨果汁，尽赏无限海景之乐。更有美味的各式烤串、汉堡、三明治和薯条等供您选择。每周三和周六(18:30-22:00)的沙滩篝火BBQ自助晚餐将在此进行。";"";"";"";0
66;"三亚";"金茂三亚亚龙湾希尔顿大酒店";"0898-8858 8888";"中国海南省三亚市亚龙湾国家旅游度假区";"“锦湾”酒吧";"";"";"";"锦湾是现代化的标志，国际化的装饰呈现出耀眼的光芒、豪华与奢华，融合了伏特加、雪茄以及令人兴奋的电子乐。在现场音乐中放松来杯特别的饮品，无论您的选择是什么，锦湾会为您带来一个精彩的夜晚。高尔夫球迷们渴望获知的高尔夫球场上最新最全的新闻都能在这里的高尔夫杂志、指南、目录中找到。晚间荧屏上将播出特别节目，总揽各大体育赛事，从PGA巡回赛到温布尔登网球公开赛，当然还有F1!";"";"";"";0
67;"三亚";"金茂三亚亚龙湾希尔顿大酒店";"0898-8858 8888";"中国海南省三亚市亚龙湾国家旅游度假区";"啦啦吧";"";"";"";"这里是客人们在日间享受阳光、沙滩、泳池乐趣的最佳去处，啦啦吧方便人们在游泳后很快喝上一杯或用些点心。碧波荡漾的泳池休闲区使晒日光浴成为一件时髦的享受，另外宽大的日光浴平台和沙滩让情侣们有机会静静地享受放松时刻。";"";"";"";0
68;"三亚";"三亚海棠湾康莱德酒店";"0898-8820 8888";"中国海南省三亚市海棠湾";"海棠轩中餐厅";" 0898-88208888";"海棠湾滨海路康莱德酒店内";"11:30-14:30  17:30-23:00";"这里是您宴请贵宾、亲朋好友以及同事的绝佳场所。古色古香的中式装潢，专业大厨为您精心烹制纯正的粤式与海南特色佳肴，轻松营造舒适奢华的用餐环境，体验独具特色的海南本土文化 。  营业时间：11:30-14:30（午餐）  17:30-23:00（晚餐）餐厅预订电话：0898-88208888 转 7530";"234";"";"";0
69;"三亚";"三亚海棠湾康莱德酒店";"0898-8820 8888";"中国海南省三亚市海棠湾";"怡园 - 全天侯餐厅";"";"";"";"怡园全日餐厅为您提供全天候餐饮服务，满足您不同时段的用餐需求。专业的厨师在开放式厨房为您演绎精彩的烹调艺术。怡园为您提供风味纯正的中式，亚洲及西式美食，多样化的选择满足您不同需求，感受到无所不在的舒适与悠闲。营业时间：06:30-22:00餐厅预订电话：0898-88208888 转 7510 ";"";"";"";0
70;"三亚";"三亚海棠湾康莱德酒店";"0898-8820 8888";"中国海南省三亚市海棠湾";"望海阁";" 0898-88208888";"海棠路康莱德酒店内";"尚无营业时间";"望海阁为您营造梦境般美妙的自然美景，悠闲享用精致小食之时，欣赏浩瀚无垠的蔚蓝大海，棕榈树随风摇曳的自然美态，让您沉浸于绝美的热带海岸风光。 营业时间：10:00-23:00餐厅预订电话：0898-88208888 转 7316";"-";"";"";0
71;"三亚";"三亚海棠湾康莱德酒店";"0898-8820 8888";"中国海南省三亚市海棠湾";"“沁”特色餐厅";"";"";"";"徜徉于花园池畔的热带美景，特色餐厅&ldquo;沁&rdquo;提供纯正地中海美食，为您带来全新美食体验。 营业时间：周五 17:30-23:00、周六及公共假期 17:30-23:00(“沁”特色餐厅美食在怡园餐厅供应）餐厅预订电话：0898-88208888 转 7520";"";"";"";0
72;"三亚";"海南七仙岭希尔顿逸林温泉度假酒店";"0898 83608888";"海南保亭七仙岭温泉国家森林公园";"OPEN全日餐厅";"";"";"";"座位数: 188 营业时间: 06:30-22:30提供美味可口的中式、亚洲特色、当代西方特色及地方特色的自助餐。";"";"";"";0
73;"三亚";"海南七仙岭希尔顿逸林温泉度假酒店";"0898 83608888";"海南保亭七仙岭温泉国家森林公园";"御玺中餐厅";"";"";"";"餐厅座位数: 155 营业时间: 11:00-14:30；17:30-21:30提供精致粤菜菜肴，以及川菜、湖南菜和本地特色菜肴。 ";"";"";"";0
74;"三亚";"海南七仙岭希尔顿逸林温泉度假酒店";"0898 83608888";"海南保亭七仙岭温泉国家森林公园";"面道";"";"";"";"餐厅座位数: 50营业时间: 11:30-20:00 提供各种亚洲风味面食 ";"";"";"";0
75;"三亚";"三亚海棠湾万达希尔顿逸林度假酒店";"0898-8882 6666";"中国海南省三亚市海棠湾海棠北路";"汇湾餐厅";" 0898-88826666";"海棠湾海棠路希尔顿逸林酒店1楼";"尚无营业时间";"-现代设计风格，充满活力的烹饪站台-自助餐和包罗世界美食的各式菜品-创新方式展示特色美食营业时间：6:30 - 23:00餐厅预订电话：0898-88826666 转 7550 ";"218";"";"";0
76;"三亚";"三亚海棠湾万达希尔顿逸林度假酒店";"0898-8882 6666";"中国海南省三亚市海棠湾海棠北路";"帕西菲卡餐厅";" 0898-88826666";"海棠路希尔顿逸林度假酒店内";"17:30——23:00";"边享受温暖晚风，一边品尝各种朗姆酒和热带鸡尾酒，这里提供烧烤菜肴、新鲜鱼类和海味。营业时间：17:30 - 23:00餐厅预订电话：0898-88826666 转 7596";"222";"";"";0
77;"三亚";"三亚海棠湾万达希尔顿逸林度假酒店";"0898-8882 6666";"中国海南省三亚市海棠湾海棠北路";"鲜面坊";"";"";"";"于热带椰风里，品尝味美汤浓的美味面食。每月均有特别的面食推广，令您味蕾全开大快朵颐。 营业时间：11:00 - 18:00 餐厅预订电话：0898-88826666 转 7566";"";"";"";0
78;"三亚";"三亚海棠湾万达希尔顿逸林度假酒店";"0898-8882 6666";"中国海南省三亚市海棠湾海棠北路";"T酒廊";" 88826666-7554";"海棠路希尔顿逸林度假酒店内";"14:00-18:00";"面对醉人海景和热带园林，这里是理想的轻松休憩之地。喝上一杯定神的咖啡，品尝自制的糕点和点心，或随意浅尝一下菜单上新鲜的果汁或鸡尾酒，开始一段全新的旅途。 营业时间：10:00 - 00:00 餐厅预订电话：0898-88826666 转 7554";"-";"";"";0
79;"三亚";"三亚海棠湾万达希尔顿逸林度假酒店";"0898-8882 6666";"中国海南省三亚市海棠湾海棠北路";"池畔吧";"";"";"";"暂时避开热辣阳光，来到这个位于池畔的闲适所在，享受新鲜的果汁鸡尾酒和点心、色拉、三明治和意大利面各种简单新鲜的美食。营业时间：11:00 - 19:00餐厅预订电话：0898-88826666 转 7586";"";"";"";0
80;"大连";"大连万达希尔顿酒店";"0411-8677 0000";"中国辽宁省大连市中山区港浦路1号";"""源氏""日餐厅";"";"";"";"将自己沉浸于禅意简朴的氛围中，在源氏品尝精致的日本料理技艺精湛的 厨师们准备了经典的生鱼片、串烧和铁板烧，让您体验视觉、嗅觉与味觉的极致享受。 午餐：11：30-14：30晚餐：17：30-22：00";"";"";"";0
81;"大连";"大连万达希尔顿酒店";"0411-8677 0000";"中国辽宁省大连市中山区港浦路1号";"地阔全日制餐厅";"";"";"";"欢迎来到现代美食中心。多元化的地阔，为您值得铭记的特别时刻，定制不同的惊喜。您可以一品由创意大厨精心炮制，融入亚洲风味的地中海美食，色香味一并俱全。在静谧的酒吧享受一杯饮品，在餐厅品味木烤比萨的喷香，抑或在酒廊欣赏现场音乐、细啜一杯特调鸡尾酒...在地阔，您可尽享一切。 早餐：周一至周五：6:30-10:30 周六及周日：6:30-11:00午餐：周一至周五：11:30-14:30周六及周日：11:30-15:00晚餐：17:30-22:00单点：11:30-22:00";"";"";"";0
82;"大连";"大连万达希尔顿酒店";"0411-8677 0000";"中国辽宁省大连市中山区港浦路1号";"地阔酒吧";" 0411-82777388";"港浦路1号万达希尔顿酒店1楼";"10:30-22:00";"现代气息与乡村魅力巧妙融合的休闲酒吧，别有一番怀旧风情。各类本土或国际品牌啤酒、红酒、洋酒，随时为您奉上，更有自制比萨、碳烤美味等刺激味蕾，让您轻松享受，乐在其中。 营业时间：14:30-1:30";"-";"";"";0
83;"大连";"大连万达希尔顿酒店";"0411-8677 0000";"中国辽宁省大连市中山区港浦路1号";"东北街";" 0411-86770000 0411-82777398";"港浦路1号万达希尔顿酒店";"11：30-14：30；17：30-21：30";"来到多民族风味美食街，您会被别具风情的浓郁气氛包围。地道的亚洲北方美食，融合当代情调，让您一饱口福，为您带来惬意美食之享。在现代而舒适的希尔顿氛围中，闻一闻传统市集飘来的糕点香，啖一口东北菜的美味，捕一条生猛活鱼，与本地厨师们来一次近距离交谈。东北街让您尽享传统美食和优雅服务带来的轻松愉悦。 午餐：11：30-14：30晚餐：17：30-22：00";"172";"";"";0
84;"大连";"大连康莱德酒店";"86 411 8677 6666";"大连市中山区人民东路31号";"M吧";" 0411-86771234";"港湾广场会议中心对面";"14：00-17：00";"在M吧探索包括Martini（马天尼酒）、Mojito（莫吉托酒）、Music（音乐）等众多以字母M开头的组成元素。在M吧深情的现场爵士乐中摆动您的身躯，品尝诱人的鸡尾酒和饮品，分享精致的美味小食。只选用全世界最好的食材，从伊比利亚火腿、多汁的油浸鸭肉，到令人着迷的龙虾、鹅肝、猪肉，以及精美的甜点全系列...欲罢不能的绝妙搭配。 营业时间：7:00-23:30";"-";"";"";0
85;"大连";"大连康莱德酒店";"86 411 8677 6666";"大连市中山区人民东路31号";"鲜餐厅";"";"";"";"座落于二层的时尚海鲜烧烤餐厅鲜拥有世界顶级的食材，从澳洲的龙虾、和牛肉到南太平洋的东星斑，专业的厨师团队严格挑选全球各地有机的新鲜食材，保证每次制作的最佳水准，力求展现食物的自然原味，随时为宾客们精心烹烩豪华的味蕾盛宴。 营业时间：午餐：11:30-14:30     晚餐：17:30-22:00 ";"";"";"";0
86;"广州";"广州白云万达希尔顿酒店";"020-6660 0666";"中国广州市白云区云城东路515-517号";"感趣自助餐厅";" 020-66600666 020-66678076";"云城东路515-517号希尔顿酒店";"晚餐18：00-22：00";"全天候提供早餐、午餐和晚餐 。现代而趣味的开放式厨房以近距离接触柜台，享受身临其境的视觉美食体验，饕餮精致佳肴，体验食材演绎的交响乐。感受品质服务带来的欢愉。营业时间：周一至周日 6:30-24:00预订电话：020-66678076  ‍‍广州白云万达希尔顿酒店邀您在初秋9月品尝印度风情美食。印度美食色泽明艳、香味浓郁，令无数食客竞折腰。餐厅特邀来自印度的星级厨师Joginder Kumar，以地道的烹饪手法，巧妙融合印度特色传统香料，打造出一道道正宗印度特色菜，让印度美食撩动您的五觉，从心体会这丰收季节的欢愉。 ‍‍时间：2015年9月7-17日,晚上6:00-10:00价格：328+15%服务费/位 ";"244";"";"";0
87;"广州";"广州白云万达希尔顿酒店";"020-6660 0666";"中国广州市白云区云城东路515-517号";"酌宴府中餐厅";"";"";"";"荣获2012年度最佳餐厅的酌宴府拥有舒适而独特的餐厅环境，拥有9个优雅的包间，尽享地道传统粤菜；沉醉于传统而新颖中国烹饪技艺，品洋溢着浓郁的岭南美食文化之精髓。 预订及详情 020-66678075 ";"";"";"";0
88;"广州";"广州白云万达希尔顿酒店";"020-6660 0666";"中国广州市白云区云城东路515-517号";"炫逸吧";" 020-66600666";"云城东路515-517号广州白云万达希尔顿酒店1楼";"尚无营业时间";"倾谈或放松身心的舒适场所，无线网络及高速宽频接入口，以及多样可口的食物及酒水选择，无论是晨光还是夜幕，满上一杯葡萄酒，都能令您在此倍感自如。提供多种纯麦威士忌，古希华世纪系列和大卫杜夫雪茄系列，更有希尔顿招牌椰林飘香鸡尾酒。 预订及详情 020-66678091 ";"-";"";"";0
89;"广州";"广州白云万达希尔顿酒店";"020-6660 0666";"中国广州市白云区云城东路515-517号";"酝聚酒廊";" 66600666-6227";"云城东路515-517号希尔顿酒店";"8:00-23:00";" 为宴前餐后，商谈小聚，品酒喝茶提供贴心服务，奢而不豪的 雅致的装修，怡静舒适的环境，精致的小吃，醇厚的咖啡。这里是您体验希尔顿殷情待客之道的必到之处。欢迎来来到传统中式茶楼，享受宁静的放松。推荐您尝一尝精选的最受老广州人青睐的三大特色品种茶叶：普洱、铁观音、菊花茶、啜饮一口好茶、品味与之搭配的精致差点、让人倍感神清气爽。 预订及详情 020-66678091  ";"77";"";"";0
90;"广州";"广州天河希尔顿酒店";"020-6683 9999";"广东省广州市天河区林和西横路215号";"无贰";" 66839999-3688 020-66833688";"林和西横路215号新天希尔顿酒店2楼";"8:00-22:00";"无贰，全日自助西餐厅为您精心烹制美味佳肴，让您沉浸在完美的味蕾享受之中。  &bull;咨询及预订：020 6683 3688";"211";"";"";0
91;"广州";"广州天河希尔顿酒店";"020-6683 9999";"广东省广州市天河区林和西横路215号";"意畔";" 020-66839999";"林和西横路215号新天希尔顿酒店2楼";"午餐:早上11:30 – 下午2:30 晚餐：下午6:00 – 晚上10:00";"意畔意大利餐厅，典雅简约的异国风情，开放式的披萨壁炉，严守正宗地道的意大利菜式烹饪，不随波逐流，不落俗套，只为能令食客感受到宽心享受地道意大利美味的愉悦与舒心。意畔在装饰极具现代感而精致的环境中，您可品味正宗地道的意大利美食，餐厅更有两间私密专属的包房。营业时间： 午餐  11：30至14：30  晚餐 18：00至22：00   预订及咨询：020 6683 3636";"198";"";"";0
92;"广州";"广州天河希尔顿酒店";"020-6683 9999";"广东省广州市天河区林和西横路215号";"随轩";" 020-66839999";"林和西横路215号广州天河新天希尔顿酒店5楼";"午餐：早上11:30 – 下午2:00 晚餐：下午5:30 – 晚上10:00";"广东人注重饮食，尤其是粤菜，更是深谙其门道。因此，我们的随轩中餐厅以打造新派粤菜为重，正宗地道的烹饪工艺融入西式食材与装饰，为传统粤菜注入全新活力。古色古香的中式装潢，书香气息浓厚的词牌名，檀香木质地的餐桌，奢华气派的8米调高楼层，毫不吝啬的透露着岭南名家的气势，虽非华丽惊艳，但绝对是品味张扬之作，低调的奢华，彰显宴请者的高雅品味。随轩中餐厅拥有13间华丽包房，全力打造最地道的粤菜风味菜式，震撼您的味蕾。  咨询及预订：020 6683 3666/3668  营业时间：周一至周五 午餐 11：30 至14：30   晚餐：17:30至22：00  ";"163";"";"";0
93;"广州";"广州天河希尔顿酒店";"020-6683 9999";"广东省广州市天河区林和西横路215号";"独壹";" 020-66839999";"林和西横路215号广州天河新天希尔顿酒店1楼";"下午5:00 – 凌晨1:00";"独壹酒吧现场情调音乐让您与朋友尽情放松享受美妙之夜。舒缓的音乐配以绝世佳酿及鸡尾酒的完美结合，让您在喧闹的天河中央商圈感受宁静的酒吧氛围。 营业时间：17:00-02:00";"-";"";"";0
94;"广州";"广州天河希尔顿酒店";"020-6683 9999";"广东省广州市天河区林和西横路215号";"天河廊";" 020-66839999 020-66833610";"林和西横路215号广州天河新天希尔顿酒店1楼";"9:00-24:00";"位于大堂的天河廊为您提供精致美味下午茶点，适合朋友闲时小聚。挑高8米的落地玻璃窗，不论阳光、阴雨都别有一番情调，夜晚加上窗外星光池的点点星光，气氛更优雅浪漫。 营业时间：09:00-24:00  预订及咨询：020 6683 3610                   ";"94";"";"";0
95;"广州";"广州天河希尔顿酒店";"020-6683 9999";"广东省广州市天河区林和西横路215号";"林下轩";" 020-66839999";"林和西横路215号";"上午11:00 – 晚上10:00";"酒店唯一的户外用餐区域，临水而坐，白天清风徐徐加上和煦阳光；夜晚，水波陪着星光浪漫迷人，林下轩让您在轻松别致的露天环境中品鉴西班牙小菜、本地小食及沁人心脾的饮品。 营业时间：11:00-22:00 ";"-";"";"";0
96;"广州";"广州希尔顿逸林酒店";"86 20-2833 2888";"中国广东省广州市越秀区东风路391号";"全日制餐厅";" 020-28332888 020-28337215";"东风路391号广州希尔顿逸林酒店2楼";"10:00-20:00";"广州希尔顿逸林酒店二楼充满活力的OPEN全日制餐厅可为宾客提供一日三餐。餐厅拥有高耸的天花板和开放式布局，提供包括中式、亚洲和现代西式菜肴在内的全套自助餐及诱人的零点菜品。美好的一天从丰盛、美味的早餐开始。您可从囊括了本地特色菜肴的众多冷、热自助菜品中随心选择。午餐和晚餐设现场烹饪，炒菜、炉烤比萨和海鲜烧烤等均有展示。甜品自助区提供各类令人垂涎欲滴的自制甜点、蛋糕和冰淇淋。Open全日制餐厅是一处拥有轻松、有趣氛围的互动体验餐厅，内设的布里斯吧亦为宾客提供甜品、香茗和各式小吃。营业时间：6时半至23时自助早餐：星期一至星期五6时半至10时半                    星期六、日：6时半至11时自助午餐：每天12时至14时自助晚餐：每天18时至21时30分";"201";"";"";0
97;"广州";"广州希尔顿逸林酒店";"86 20-2833 2888";"中国广东省广州市越秀区东风路391号";"东园阁中餐厅";"";"";"";"潮之味在于鲜 鲜之味东阁里精典潮菜中餐厅，&ldquo;清&rdquo;&ldquo;鲜&rdquo;色香味俱全，城中首选宴请地东园阁中餐厅位于广州希尔顿逸林酒店三楼，精致的潮州菜式是这里的一大特色。潮州距广州约4至5小时的车程路程，当地的菜式在粤菜基础之上更添独特风味，以新鲜海鲜、土生土长的当地食材和颇具特色的风味而闻名全国。东园阁中餐厅拥有11间配有休息区与私人洗手间的包房。 营业时间：早上11点30分至下午2点30分，下午5点30分至晚上10点00分";"";"";"";0
98;"广州";"广州希尔顿逸林酒店";"86 20-2833 2888";"中国广东省广州市越秀区东风路391号";"大堂茶廊";" 020-28332888";"东风中路391号广州逸林希尔顿酒店1楼";"09:00-次日01:00";"在广州希尔顿逸林酒店明亮舒适的起居空间Canton大堂茶廊内尽情放松。无论是白天还是晚间，风格现代又不乏温馨氛围的Canton大堂酒廊都是您娱乐、工作或休闲的好去处。走进大堂茶廊，我们热情的服务员会向您致以亲切的问候，您可选择自己喜欢的用餐区域和餐桌就坐，挑选茶廊为您准备的菜式和香茗。每天下午三点至五点，约上三五知己度过悠闲惬意的下午茶时光。我们的饼房主厨Amy将呈现精美的传统英式下午茶，为您准备了充满欧式魅力的西式茶点。此外，大堂酒廊还额外提供甜品站美味甜品等的打包外带等服务，以供您稍后享用。旁晚时分，现场乐队在酒廊内驻唱，为宾客献唱最新及经典曲目。营业时间：从早上9时至第二天凌晨1时";"94";"";"";0
99;"广州";"广州希尔顿逸林酒店";"86 20-2833 2888";"中国广东省广州市越秀区东风路391号";"布里斯吧";" 28332888-6220";"东风路391号希尔顿逸林酒店2楼";"10:00-22:00";"爱上这难以抗拒的极致诱惑。每一次相遇都让人心神荡漾&hellip;轻缓调酝一种从未有过的恋爱滋味。诱人香气沁入心间，醇香味道魅惑味蕾。在Barista品尝一&ldquo;碗&rdquo;咖啡&hellip; 每一刻都想念的美好滋味。享受富有创意的&ldquo;碗&rdquo;咖啡和果汁饮料、有机蔬菜沙律和美味小食，还有手工酿制的限量版啤酒，精彩的体育节目直播及欢快的音乐! 一个适合小憩及商务洽谈的理想场所。 营业时间：从早上11时至第二天凌晨1时";"-";"";"";0
100;"广州";"广州希尔顿逸林酒店";"86 20-2833 2888";"中国广东省广州市越秀区东风路391号";"甜速站";" 020-28332888";"东风路391号1楼";"10:00-22:00";"忙碌时刻，我们位于一楼的甜速站轻便小食能满足您的味蕾， 让您保持生活节奏，紧随工作步调。纸杯蛋糕、曲奇饼、精美蛋糕和酥皮糕点，美味餐食随您点，无须放缓步伐，我们会为您打包好，让美食也能跟着走！ 每月不同口味，每月特色推广，满足不同美味追去的客人。营业时间：从早上10时至晚上8时";"22";"";"";0
101;"广州";"广州汇华希尔顿逸林酒店";"(86) 20 3223 8888";"中国广东省广州市黄埔区（原萝岗区）水西路18号";"林廊 · 大堂吧";"";"";"";"位于酒店1层明亮舒适的大堂吧提供精致的咖啡、茶、鸡尾酒，以及各种软饮和酒精饮料。这里舒适的环境十分适合商务会面或朋友聚会；无论白天还是夜晚，都将是您娱乐、工作或休闲的好去处。 营业时间：10:00 - 22:00美味热线：+86 20 3865 9566";"";"";"";0
102;"广州";"广州汇华希尔顿逸林酒店";"(86) 20 3223 8888";"中国广东省广州市黄埔区（原萝岗区）水西路18号";"元素 · 全日制餐厅";"";"";"";"全日制餐厅以金木水火土&ldquo;五行&rdquo;元素为灵感，极力打造全新的健康饮食体验。餐厅提供各式亚洲美食、西式烧烤及新鲜海鲜等，是您亲朋小聚、商务聚餐等不可错过的理想选择。营业时间：24小时自助早餐：06:30 - 10:00 (周一至周五) / 06:30 - 11:00 (周六至周日)自助午餐：11:30 - 14:30自助晚餐：17:30 - 21:30美味热线： +86 20 3865 9566 ";"";"";"";0
103;"广州";"广州汇华希尔顿逸林酒店";"(86) 20 3223 8888";"中国广东省广州市黄埔区（原萝岗区）水西路18号";"汇华阁 · 中餐厅";"";"";"";"中餐厅位于酒店2层，氛围高贵、典雅。餐厅提供地道的粤菜、点心及各大菜系的经典名菜，汇聚中华美食，为您定制最高品质的美食盛宴。餐厅的大厅可容纳80个坐席，另设10间私人贵宾包厢。 营业时间：早茶：08:00 - 14:30午市：11:30 - 14:30晚市：17:30 - 22:00 美味热线： +86 20 3865 9777";"";"";"";0
104;"广州";"广州汇华希尔顿逸林酒店";"(86) 20 3223 8888";"中国广东省广州市黄埔区（原萝岗区）水西路18号";"潮尚 · 中餐厅";"";"";"";"特色餐厅共设7个贵宾包厢，是广州独具特色的高档潮州菜餐厅。潮州菜以新鲜海鲜和高端时令食材为主要材料进行烹制，在岭南菜系的基础上更添独特风味并以颇具特色的风味而闻名全国。潮尚特色餐厅是您商务宴请及私人聚会的绝佳场所。 营业时间：17:30 - 22:00（如需用餐，请至少提前24小时预订） ";"";"";"";0
105;"无锡";"无锡希尔顿逸林酒店";"0510-8181 8888";"中国江苏省无锡市新区高浪路19号";"随园中餐厅";" 0510-81121280 81818888-1280";"高浪路19号希尔顿逸林酒店2楼";"11:30-14:00 17:00-21:30";"传承&ldquo;以味为核心，以养为目的&rdquo;淮扬菜的传统，随园中餐厅为您奉上的是新鲜食材的最佳状态，让您全心品味淮扬菜的清鲜、醇和。品质低调奢华的11间包厢是公司宴请、亲朋聚会的佳选。";"154";"";"";0
106;"无锡";"无锡希尔顿逸林酒店";"0510-8181 8888";"中国江苏省无锡市新区高浪路19号";"咖啡厅";" 0510-81818888";"高浪路19号希尔顿逸林酒店1楼";"尚无营业时间";"这是一个可以同时享用美食与美景的餐厅，设计时尚色调明快、24小时源源不断的环球经典美食、整面落地窗直面小花园、充沛的阳光落入餐厅，为您带来轻松愉快的用餐体验。还有户外花园用餐区供您选择。";"139";"";"";0
107;"无锡";"无锡希尔顿逸林酒店";"0510-8181 8888";"中国江苏省无锡市新区高浪路19号";"大堂吧";" 0510-81121280";"高浪路19号希尔顿逸林酒店1楼";"7：00-23：00";"一壶清茶、一本好书、缓缓流淌的音乐还有透过落地窗倾泻而下的阳光都是在这消磨时间的理由。大堂吧为您提供免费无线上网服务。";"-";"";"";0
108;"无锡";"无锡希尔顿逸林酒店";"0510-8181 8888";"中国江苏省无锡市新区高浪路19号";"M吧";"";"";"";"这里是红酒迷、爵士FAN的最爱。岁月流转的爵士乐舒缓您的每根神经，馥郁的美酒惊艳您的每一个味蕾。傍晚和好友在松软的沙发里静静看着每线光的转移、变幻；夜晚映衬着窗外的车水马龙便又多了一份光影迷离的魅惑。";"";"";"";0
109;"无锡";"无锡灵山元一希尔顿逸林酒店";"0510-8535 5000";"中国江苏省无锡太湖国家旅游度假区七里风光堤99号";"咖啡厅";"";"";"";"咖啡厅独特的船型设计和装饰仿若泛舟太湖，让您尽享世界各地的美味佳肴。誉满全球的希尔顿逸林早餐，将伴随您美好一天的开始。位于酒店二层，开放式厨房设计随时为您提供中西式自助餐及零点佳肴。";"";"";"";0
110;"无锡";"无锡灵山元一希尔顿逸林酒店";"0510-8535 5000";"中国江苏省无锡太湖国家旅游度假区七里风光堤99号";"随园中餐厅";"";"";"";"清鲜平和的江浙菜制作精良，宛如江南女子般的温柔细腻，静谧的餐厅设计让您全心品尝鱼米之乡的恩赐。位于酒店一层，地道江浙民间小吃，会令小饕们食指大动；浓醇兼备的高汤浸润您的五脏六腑，齿颊留甘；另设5间包房，适合家庭、朋友聚会，商务宴请。 餐厅菜单";"";"";"";0
111;"无锡";"无锡灵山元一希尔顿逸林酒店";"0510-8535 5000";"中国江苏省无锡太湖国家旅游度假区七里风光堤99号";"小雅扒房";"";"";"";"顶级牛排，新鲜海鲜，太湖特产及当季精选食材将由我们的大厨现场料理，回味鲜甜的寿司入口绵软，开启您挑剔的味蕾。佐以馥郁芬芳的美酒将让您的用餐体验更完美。位于酒店二层，个性化的专人服务、无以复加的浪漫情调，极致您的用餐体验。小雅扒房在有特殊用餐需求时开放，可一览太湖美景，为团队提供理想的私人用餐空间，需提前进行预订。";"";"";"";0
112;"合肥";"合肥元一希尔顿酒店";"0551-6280 8888";"中国安徽省合肥市胜利路198号";"乐乐熊猫餐厅";" 62808888-6100";"胜利路198号元一希尔顿酒店3楼";"晚市:17:30-22:30";"位于酒店3层，在这里独特的美食已被演绎成表演艺术，多种不同类型融合了东西方饮食文化的美食食谱，由我们的美食艺术家为您隆重呈现。尽情享用，尽情欢乐！  ";"158";"";"";0
113;"合肥";"合肥元一希尔顿酒店";"0551-6280 8888";"中国安徽省合肥市胜利路198号";"禅餐厅";" 62808888-6000";"胜利路198号元一希尔顿酒店1楼";"9：30--21:30";"提供中西式自助餐及各式零点佳肴。雅致的户外花园。这个全天候提供美食的地方，不但拥有美味的中西佳肴，更有时尚优雅的环境，满足的微笑定会在您脸上绽放。 ";"138";"";"";0
114;"合肥";"合肥元一希尔顿酒店";"0551-6280 8888";"中国安徽省合肥市胜利路198号";"凤还巢中餐厅";" 62808888-6200";"胜利路198号元一希尔顿酒店1楼";"11:30-14:00,17:30-21:30";"合肥顶级食府，提供中式经典菜肴，21间豪华包间是您商务、聚友的最佳选择。美食的灵魂来自它带给人们的感悦；餐厅的灵魂则来自真正热爱美食的烹饪艺术家。殿堂级大师经典呈现。从适合三五知己的温馨小包到可容纳24位同桌用餐的顶级包厢满足您各种宴会需求。每一个细节，我们无微不至，全程提供周到并具个性化的服务。 ";"170";"";"";0
115;"合肥";"合肥元一希尔顿酒店";"0551-6280 8888";"中国安徽省合肥市胜利路198号";"莺蝶舸大堂吧";"";"";"";"浪漫的音符、新鲜的饮品，时尚舒适的环境，莺蝶舸是您三五好友相聚或私人畅谈的理想之处";"";"";"";0
116;"合肥";"合肥元一希尔顿酒店";"0551-6280 8888";"中国安徽省合肥市胜利路198号";"咖啡基诺";" 62808888-6003";"胜利路198号元一希尔顿酒店1楼";"尚无营业时间";"希尔顿享有盛誉的咖啡吧 —— 咖啡基诺供应醇正咖啡以及自制美味西点。";"36";"";"";0
117;"合肥";"合肥元一希尔顿酒店";"0551-6280 8888";"中国安徽省合肥市胜利路198号";"SOHO酒吧";"";"";"";"SOHO酒吧 —— 多样主题活动带来花样一周精彩，是您休闲放松去处的不二之选！";"";"";"";0
118;"西安";"西安万达希尔顿酒店";"029-8738 8888";"西安市新城区东新街199号";"鲜·咖啡";" 13991816241 13484474050";"民乐园万达广场步行街1号门外10159号底商";"上午10:30—下午10:30";"亚洲料理与西方美食的融合之所，供应多国风味的自助大餐及全天候的零点菜品，吧台还有品类丰富的红酒及啤酒提供。开放式厨房活力动感，厨师将为您现场炮制色香味俱全的佳肴。营业时间：上午6时 - 午夜12点";"14";"";"";0
119;"西安";"西安万达希尔顿酒店";"029-8738 8888";"西安市新城区东新街199号";"长乐宫";" 87388888-3535";"东新街199号西安万达希尔顿酒店一层";"午市 11:30-14:00 晚市:17:30-22:00";"长乐宫烹制风味清新的粤菜、特色陕菜及精致的淮扬菜，环境优雅融合唐风古韵，八间私属包房及氛围轻松的大厅提供多种用餐选择。营业时间：午餐：上午11时30分 - 下午2时晚餐：下午5时30分 - 晚上10时";"-";"";"";0
120;"西安";"西安万达希尔顿酒店";"029-8738 8888";"西安市新城区东新街199号";"大堂酒廊";" 87388888-3536";"东新街199号西安万达希尔顿酒店一层";"上午10点至凌晨1点";"大堂酒廊位于酒店大堂，在这里可品尝传统中式茶、新鲜烘焙的咖啡及果汁佐以美味小食，亦可携好友轻呷鸡尾酒共度静谧之夜。这里是释放身心、餐前小聚的惬意之选。营业时间：上午10时 - 凌晨1地址： 酒店大堂";"-";"";"";0
121;"沈阳";"沈阳保成希尔顿逸林酒店";"024-8411 8888";"中国辽宁省沈阳市沈河区风雨坛街89号";"元素阁";" 84118888-6288 024-84118888";"风雨坛街89号希尔顿逸林酒店8楼";"17:00-21:30";"元素阁&mdash;全日餐厅提供丰富多样的自助佳肴与零点菜式。让您尽享全球及亚洲的有机健康美食。独一无二的&ldquo;希尔顿逸林活力早餐&trade;&rdquo;更会使您无论身处何地，都可享受到同等标准的餐饮体验。营业时间： 早餐： 6:00 - 10:00 （周一至周五）    6:00 - 11:00 （周六、周日）午餐：11:30 - 14:00晚餐：17:30 - 21:30座位：182个";"138";"";"";0
122;"沈阳";"沈阳保成希尔顿逸林酒店";"024-8411 8888";"中国辽宁省沈阳市沈河区风雨坛街89号";"逸园中餐厅";" 024-84118749";"风雨坛街89号";"11:00-14:00,17:00-22:00";"逸园中餐厅为您带来非比寻常的用餐体验。逸园中餐厅是集中式古典浪漫与当代风尚流行于一身的完美结合。11间贵宾包房让您享受放松自在的用餐体验。 营业时间： 午餐：11:00 - 14:00晚餐：17:00 - 22:00座位：176个";"121";"";"";0
123;"沈阳";"沈阳保成希尔顿逸林酒店";"024-8411 8888";"中国辽宁省沈阳市沈河区风雨坛街89号";"大堂吧";" 024-84118737";"风雨坛街89号";"10:00-22：00";"独处一隅的大堂吧环境幽静，是商务洽谈、休闲相聚的理想空间。日间可享用茶点，傍晚伴随着轻柔的烛光以及美妙悦耳的钢琴曲与朋友轻谈浅酌，让您感受到繁华中的宁静。营业时间：10:00 - 00:00座位: 90个";"-";"";"";0
124;"杭州";"杭州千岛湖滨江希尔顿度假酒店";"0571-6508 6666";"浙江省杭州市淳安县千岛湖环湖北路600号";"泛亚餐厅";" 65086666-8719";"千岛湖环湖北路600号滨江希尔顿度假酒店3楼";"11:00-14:00";"舒适优雅的特色餐厅为您提供地道的东南亚美食，在热带水果散发的清香气息中，畅想亚细亚海滨旖旎风光；您足不出户，便可畅饮原汁原味的东南亚国家特色啤酒，疲劳尽消，让时光静静驻留。营业时间：午餐时间：上午11点至下午2点晚餐时间：下午5点至晚上9点30";"150";"";"";0
125;"杭州";"杭州千岛湖滨江希尔顿度假酒店";"0571-6508 6666";"浙江省杭州市淳安县千岛湖环湖北路600号";"一品阁";" 0571-65086666";"环湖北路600号希尔顿度假酒店内";"尚无营业时间";"在堂皇雅致的中餐厅，享受地道的粤式盛宴、杭州、宁波等极富地域特色的菜式，所有菜品以新鲜的千岛湖湖鲜和有机蔬菜为原料，佐以大厨独门烹调方法精心制作，定会令您回味无穷。营业时间：午餐时间：上午11点至下午2点晚餐时间：下午5点至晚上9点";"213";"";"";0
126;"杭州";"杭州千岛湖滨江希尔顿度假酒店";"0571-6508 6666";"浙江省杭州市淳安县千岛湖环湖北路600号";"大堂酒廊";"";"";"";"拥有自然采光的大堂吧，这里充满了令您食指大动的各色茶点，一杯醇香咖啡，一场午后闲聚，为您找到假日时光的悠闲与自由。夜幕降临时，自制的鸡尾酒和爵士乐队表演，让您铭记一个神秘而惬意的假日之夜。营业时间：上午10点至晚上12点";"";"";"";0
127;"杭州";"杭州千岛湖滨江希尔顿度假酒店";"0571-6508 6666";"浙江省杭州市淳安县千岛湖环湖北路600号";"壹咖啡";" 65086666-8706";"千岛湖环湖北路600号滨江希尔顿度假酒店内";"尚无营业时间";"格调时尚、活力清新的全日餐厅，为您提供自助式三餐及欧陆式为主的全天零点，特设儿童菜单以及房间送餐服务，满足不同客人的用餐需求。琳琅满目的自助中西式菜肴，烹调师明档厨房现场烹调，令您尽情体验多元化风味美食，伴有独特的千岛湖美景，带您尽享视觉与味觉的双重盛宴。 营业时间：上午6点30至晚上12点";"147";"";"";0
128;"杭州";"杭州和达希尔顿逸林酒店";"(86 571) 8989 8888";"杭州市经济技术开发区金沙大道600号";"E咖啡全日餐厅";" 0571-89898888";"金沙大道600号";"早餐：周一至周五：6:00~10:30 周六至周日：6:00~11:00午餐：周一至周日：11:30~14:00晚餐：周一至周日：17:30~22:00零点：周一至周日：6:00~24:00";"E咖啡是供应早、中、晚三餐的全日餐厅。美味的自助早餐包含按需烹制的煎蛋卷。您可在轻松氛围中，品尝众多以新鲜食材制备的缤纷美食，满满的创意、个性化的服务和杰出的性价比一定会让您惊喜。早餐：周一至周五6:00到10:30         周六及周日 6:00到11:00午餐：每天11:30到14:00晚餐：每天17:30到22:00预订电话：0571-89895006";"190";"";"";0
129;"杭州";"杭州和达希尔顿逸林酒店";"(86 571) 8989 8888";"杭州市经济技术开发区金沙大道600号";"和园中餐厅";" 0571-89898888";"金沙大道600号";"午餐：10:00~14:00晚餐：17:00~21:30";"高雅、精致的中餐厅共有12个包厢，每日提供午餐和晚餐，是您商务宴请的最佳选择。菜式以纯正杭州风味与浙江特色为主。在这里，您还可以品尝到出自东海最新鲜的海产。午餐：每天10:00到14:00晚餐：每天17:00到21:30预订电话：0571-89895008";"187";"";"";0
130;"杭州";"杭州和达希尔顿逸林酒店";"(86 571) 8989 8888";"杭州市经济技术开发区金沙大道600号";"美食店";" 0571-89898888";"金沙大道600号和达希尔顿逸林酒店";"尚无营业时间";"美食屋坐落在酒店的大堂中，这里提供咖啡、新鲜果汁、各式其他饮品和轻便美食，包括早餐松饼、沙拉、三明治和水果等。预订热线：0571-89898888";"-";"";"";0
131;"杭州";"杭州和达希尔顿逸林酒店";"(86 571) 8989 8888";"杭州市经济技术开发区金沙大道600号";"大堂酒廊";"";"";"";"大堂酒廊纵观整个酒店大堂，是与同事在会后小聚、交流的最佳地点，或者也可以在一整天的旅行之后到这里放松片刻。每天17:00到18:00的欢乐时光期间，大堂酒廊将提供美味可口的小吃和我们特色的逸林酒店招牌鸡尾酒。预订热线：0571-89898888";"";"";"";0
132;"青岛";"青岛金沙滩希尔顿酒店";"+86 532 8315 0000";"中国青岛经济技术开发区嘉陵江东路1号";"金沙滩全日餐厅";" 83150000-8368 0532-83150000";"嘉陵江东路1号";"11:30-14:00；17:30-22:00";"我们致力于提高您的入住体验。金沙滩全日制餐厅将于11月2日关闭修整，给您带来的不便敬请谅解。一日之计在于晨。在这间全日制餐厅里一边品尝由顶级厨师烹制的丰盛早餐，一边欣赏美丽的海景和园林，开始美好的一天。至于午餐和晚餐，除了美味可口的国际特色菜肴外，餐厅还提供种类繁多的葡萄酒供您佐餐选用。6岁以下儿童免费，6岁-12岁以下儿童半价，12岁以上全价！营业时间：每日早餐   6:30~10:30每日午餐 11:30~14:00每日晚餐 17:30~22:00餐厅地点：酒店一层预订电话：+86 532 8315 0000转8318、8319";"160";"";"";0
133;"青岛";"青岛金沙滩希尔顿酒店";"+86 532 8315 0000";"中国青岛经济技术开发区嘉陵江东路1号";"胶澳中餐厅";" 0532-86750689";"黄岛区经济技术开发区嘉陵江东路1号";"11:30-14:00,17:30-22:00";" 在这间时尚的餐厅里品尝正宗的鲁菜及粤菜佳肴。餐厅内设20间豪华雅致的私人包间以及若干零点坐席大厅，势必为您带来难忘的用餐体验。 营业时间： 每日11:00~22:00餐厅地点： 酒店二层预订电话：86 532 8315 0000 转 8388、8389";"-";"";"";0
134;"青岛";"青岛金沙滩希尔顿酒店";"+86 532 8315 0000";"中国青岛经济技术开发区嘉陵江东路1号";"大堂吧";" 0532-83150000 0532-83158068";"经济技术开发区嘉陵江东路1号";"尚无营业时间";" 该休闲吧提供各种咖啡、茶、特色鸡尾酒以及精致的美食小点，是商务洽谈或与亲友聚会的绝佳场所。营业时间：10:00~24:00地点：酒店一层预订电话： +86 532 38315 0000 转 8068、8069";"-";"";"";0
135;"青岛";"青岛金沙滩希尔顿酒店";"+86 532 8315 0000";"中国青岛经济技术开发区嘉陵江东路1号";"醇味特色餐厅";" 0532-86750268";"嘉陵江东路1号";"尚无营业时间";"餐厅拥有一个互动式的开放厨房，现场提供以本地食材制作的各种精美菜肴，此外，高档葡萄酒和优质的服务，必定让您的用餐体验锦上添花。营业时间：每周三至周日 17:00-22:00";"-";"";"";0
136;"青岛";"青岛即墨希尔顿逸林酒店";"+86 (532) 8850 8888";"中国山东省青岛即墨市新兴路79号";"“開”全日制西餐厅";"";"";"";"位于酒店2楼从拥有开放式厨房的全日制西餐厅开启您的完美一天，富有创意的大厨们精选各地食材，提供包括传统中式风味、精选亚洲美食及经典西式烹饪在内的环球自助佳肴及零点菜品供您选择；餐厅内的咖啡馆及酒坊适合您与好友相约，开怀畅饮。";"";"";"";0
137;"青岛";"青岛即墨希尔顿逸林酒店";"+86 (532) 8850 8888";"中国山东省青岛即墨市新兴路79号";"“御玺”中餐厅";"";"";"";"位于酒店3楼餐厅的灵感源自古代君王之印，象征着承诺与力量。主理以烹制海鲜和时蔬见长的胶东菜，注重原汁原味，口味咸鲜；辅以淮扬菜及粤菜为您提供更多口味选择。餐厅拥有15个装饰典雅的包房，其中最大包房餐桌可容纳26人同时用餐。";"";"";"";0
138;"青岛";"青岛即墨希尔顿逸林酒店";"+86 (532) 8850 8888";"中国山东省青岛即墨市新兴路79号";"SAKAYA";"";"";"";"位于酒店2楼源于日式居酒屋的餐厅概念，以日式传统鸟烧为主，新鲜味美的刺身亦是您不可错过的东瀛风情。浓郁日式风情的建筑设计，清新淡雅，让您身处闹市却又独享恬淡。";"";"";"";0
139;"青岛";"青岛即墨希尔顿逸林酒店";"+86 (532) 8850 8888";"中国山东省青岛即墨市新兴路79号";"CHA吧";"";"";"";"位于酒店1楼品味全球各地精选茶品，佐以精致茶点，无疑是城中度过悠闲时光的绝佳之地。夜幕降临，轻酌醇厚或清爽的特调鸡尾酒，体验微醺时光的美妙。";"";"";"";0
140;"南京";"南京万达希尔顿酒店";"025-8665 8888";"中国南京建邺区江东中路100号";"劲吧";" 86658888-6238";"江东中路100号南京万达希尔顿酒店一楼";"11：30-次日01：00";"潮流时尚、气氛热烈的酒吧，尽情畅饮世界美酒。营业时间:中午11点30至凌晨1点享激情运动，品冰爽扎啤。邀约三五好友在劲吧来一场台球，享受一站式娱乐服务。活色生香夜，精彩各不同，周一至周日每晚5点至8点欢乐时光，更有饮品买一送一。位置: 一层预订及垂询：025 86658888-6236 ";"109";"";"";0
141;"南京";"南京万达希尔顿酒店";"025-8665 8888";"中国南京建邺区江东中路100号";"“秋境”大堂吧";" 025-86658888";"江东中路100号万达希尔顿酒店内";"尚无营业时间";"无论是餐前的浅斟小酌，还是好友间的畅谈小聚，秋境是您的绝妙之选。营业时间:每天中午12点至凌晨位置: 一层预订及垂询：025 86658888-6238 ";"-";"";"";0
142;"南京";"南京万达希尔顿酒店";"025-8665 8888";"中国南京建邺区江东中路100号";"“汇”全日西餐厅";" 025-86658888";"江东中路100号万达希尔顿酒店1楼";"17:30-21:00";"沐浴在临街的自然阳光里，品味用上等原料精制而成的中西美食。精选生猛稀有特色海鲜，无污染的深海蟹和大虾，味鲜而质嫩；帝王蟹脚，质润而色艳；新鲜青口，粒粒饱满让人无法抗拒；生蚝，色纯而口愉；三文鱼，肉坚而滑爽；原只青龙口贪而赏心。在海鲜的烹制上，大厨结合东南亚烹制深海海鮮成功经验，在保留海鲜原汁原味的同时，还在菜肴的色、香、味、形上下功夫，大胆地进行创新，并融入了西餐、日餐和东南亚餐等一些国际风味和烹饪方法，独创令人垂涎三尺的佳肴，让您体验最前卫的味蕾感受。 主题自助晚餐周一&周二：环球国际美食周三至周五：德克萨斯烧烤周六&周日：&ldquo;蚝&rdquo;门盛宴RMB268+%15服务费每位 团购价RMB228净价每位营业时间：每日下午5：30至9:00 位置: 酒店一层预订及垂询：025 86658888-6222";"203";"";"";0
143;"南京";"南京万达希尔顿酒店";"025-8665 8888";"中国南京建邺区江东中路100号";"“粤扬”中餐厅";" 025-86658888";"江东中路100号万达希尔顿酒店内";"11:30-13:30 17:30-21:30";"荣获《美食与美酒》杂志颁发2013年度《Best 50 中国最佳餐厅》私人包房环境典雅，主营中国特色美食，如自制点心、烧烤以及丰富多样的海鲜及河鲜。 精品中餐淮扬菜 套餐RMB300/位起：广纳淮扬名肴，蒸煮极致风味。名厨主理，为您倾心尽献精品淮扬，让地道风味荡漾唇齿间。赏珍馐，品臻意.....营业时间：每天下午5：30-9:30 ";"166";"";"";0
144;"南京";"南京万达希尔顿酒店";"025-8665 8888";"中国南京建邺区江东中路100号";"夜泰美泰餐厅";"";"";"";"探索异域风情，感知奇妙迷炫泰国知名主厨Sakon Sangsrikaew,在六楼夜泰美泰餐厅倾情打造，为每一位热衷泰式美味的美食家们奉上原汁原味的泰国美食，开启一段活色生香的泰食之旅。营业时间:午餐:中午11:30 至下午1:30晚餐: 下午5点30至晚上9点30位置: 酒店六层预订及垂询：025 8665 8888-6266";"";"";"";0
145;"南京";"南京世茂滨江希尔顿酒店";"025-8315 8888";"江苏省南京市鼓楼区淮滨路1号";"大堂吧";" 025-83158888";"淮滨路1号1楼";"尚无营业时间";"位于酒店大堂，闲适怡人的大堂吧全天候提供各种鸡尾酒、精致点心、小食和下午茶。";"-";"";"";0
146;"南京";"南京世茂滨江希尔顿酒店";"025-8315 8888";"江苏省南京市鼓楼区淮滨路1号";"悦河吧";"";"";"";"位于酒店大堂的悦河吧是我们当代风格的酒吧，是您理想的商谈或小聚之处。用一支冰啤放松身心，尝试最新的鸡尾酒，或是品味现磨咖啡的醇香，都能令您倍感惬意。 ";"";"";"";0
147;"南京";"南京世茂滨江希尔顿酒店";"025-8315 8888";"江苏省南京市鼓楼区淮滨路1号";"悦河咖啡厅";" 025-83158888";"淮滨路1号世茂滨江希尔顿酒店一楼";"早上6:00-晚上9：30";"悦河咖啡厅为全日餐厅，集中西方美食之精华，全天候为客人提供精致的零点或自助。流线型的装修风格现代又不失典雅，宽敞明亮的用餐环境定给您带来独一无二的用餐体验。";"127";"";"";0
148;"南京";"南京世茂滨江希尔顿酒店";"025-8315 8888";"江苏省南京市鼓楼区淮滨路1号";"德里饼屋";" 025-83158888";"淮滨路1号南京世茂滨江希尔顿酒店";"尚无营业时间";"位于一楼的德里饼屋供应酒店新鲜出炉的点心、蛋糕、面包、甜品以及自制的各种进口冷盘、巧克力和奶酪，令您回味无穷。 ";"-";"";"";0
149;"南京";"南京世茂滨江希尔顿酒店";"025-8315 8888";"江苏省南京市鼓楼区淮滨路1号";"明轩";" 025-83158888";"淮滨路世茂滨江希尔顿酒店内";"11:30-14:3017:30-22:30";"明轩中餐厅荟萃了粤菜与淮阳菜系的精华。广阔的视野加上顶楼的独特位置，使明轩中餐厅成为包揽扬子江美景的绝佳选择。餐厅内装饰优雅尊贵，另配有12间贵宾专享的包厢和1间专门的VIP休息室，无论商务宴请，还是私人聚会的理想场所。 ";"174";"";"";0
150;"泰州";"江苏泰州万达希尔顿逸林酒店";"0523-8669 9999";"江苏省泰州市海陵区济川东路222号";"梧桐中餐厅";"";"";"";"典雅、安静的梧桐、菩提餐厅午晚餐主营经典中式美食包括粤菜、潮州菜（包括燕、参、鲍、肚）及多种选择的生猛河、海鲜，同时包括淮扬菜和泰州菜及其他地域传统美食。 午餐：上午11:00至下午14:00晚餐：下午17:00至晚上21:30";"";"";"";0
151;"泰州";"江苏泰州万达希尔顿逸林酒店";"0523-8669 9999";"江苏省泰州市海陵区济川东路222号";"味餐厅";"";"";"";"这个生活化的西餐厅设计别致而现代，提供高品质的咖啡、茶，健康饮品以及中西美味的完美结合，让您感觉舒适。大厅设计典雅而现代，让您感觉休闲而热情。餐厅内设有时尚、现代的开放式厨房，并且有精美的自助餐展示台。营业时间：06：30 - 23：0006：30 - 10：30 自助早餐06：30 - 11：00 自助早餐（周末） 17：30 - 21：00 自助晚餐 ";"";"";"";0
152;"泰州";"江苏泰州万达希尔顿逸林酒店";"0523-8669 9999";"江苏省泰州市海陵区济川东路222号";"红吧";"";"";"";"浓郁的运动激情、正宗的扎啤、美味的汉堡、时尚的氛围风靡泰州城！飞镖、台球等休闲娱乐项目应有尽有、超清大屏直播各类体育赛事，更是体育迷们不容错过的选择！营业时间：17：00-00：00";"";"";"";0
153;"泰州";"江苏泰州万达希尔顿逸林酒店";"0523-8669 9999";"江苏省泰州市海陵区济川东路222号";"林廊";"";"";"";"林廊是您在会议之后和同事们开怀放松的好去处，或者在长途奔波之后在这里小歇片刻也是不错的选择，您可在此享受一壶美味的本地茶或当地最好的咖啡。无论是在白天或夜晚，同时提供美味诱人的蛋糕和甜品。营业时间：09:00-00:00";"";"";"";0
154;"莆田";"莆田三迪希尔顿逸林酒店";"(0)594 235 8888";"福建省莆田市城厢区荔城中大道2276号";"御玺中餐厅";" 0594-2358888";"荔城中大道2276号三迪希尔顿逸林酒店2楼";"11:30 — 14:30 17:30 — 22:00";"御玺中餐厅是希尔顿逸林中国区第一家以“御玺”主题特色的中餐厅。致力打造成为莆田最顶尖的中餐厅，全城最高端的餐饮场所。中餐厅总共有256个座位，大堂可容纳60个座位，另设15个贵宾包厢。菜系以粤菜及闽菜为主，餐厅菜品受中国八大菜系的启发，以味为纲，完美展现菜品独到的清鲜、淡雅。 营业时间： 午餐：11:30 &mdash; 14:30 晚餐: 17:30 &mdash; 22:00席位数： 256个座位地点： 酒店二层 ";"-";"";"";0
155;"莆田";"莆田三迪希尔顿逸林酒店";"(0)594 235 8888";"福建省莆田市城厢区荔城中大道2276号";"龙眼大堂酒廊";"";"";"";"龙眼大堂酒廊取名于莆田四大名果之一的龙眼，这里舒适的环境十分适合商务会面或朋友聚会。白天这里是清心养境的茶室，晚上则变成充满活力的酒吧，无论要品一杯精致的果茶，还是色彩缤纷的水果鸡尾酒，这里都是最佳的选择。营业时间： 早上8：00-晚上12：00席位数： 88个座位 ";"";"";"";0
156;"莆田";"莆田三迪希尔顿逸林酒店";"(0)594 235 8888";"福建省莆田市城厢区荔城中大道2276号";"甜速站";"";"";"";"甜速站供应多样美味的外带食品，这里有现磨意式咖啡、进口英式茶品、多种口味的哈根达斯冰淇淋、新鲜烘焙的面包、招牌蛋糕等备受喜爱的甜点。营业时间： 早上8：00-晚上21：00地点： 龙眼大堂吧内 ";"";"";"";0
157;"石家庄";"石家庄希尔顿酒店";"0311-6796 6666";"石家庄市长安区东大街5号";"中国坊中餐厅";" 0311-67966600 0311-67966666";"东大街5号石家庄希尔顿酒店2楼";"午餐 11:00-14:00 晚餐 17:00-21:00";"中国坊以新式广东菜和中国北方菜为卖点。拥有18个风格典雅的包间。餐厅每日提供午餐和晚餐，还可根据要求为团队客人提供早餐。  营业时间：午餐：11：00 - 14：00晚餐：17：00 - 21：00 位置：石家庄希尔顿酒店2层 ";"140";"";"";0
158;"石家庄";"石家庄希尔顿酒店";"0311-6796 6666";"石家庄市长安区东大街5号";"诗凯澜大堂吧";" 0311-67966666";"东大街5号石家庄希尔顿酒店31层";"每天 13: 00 --17: 00";"在这里您可以欣赏到石家庄美丽的城市景观。靠在舒适的座椅中，观赏精彩的乐队演出，度过轻松惬意的午后时光。 营业时间：10：00 - 19：00 位置：石家庄希尔顿酒店31层 ";"-";"";"";0
159;"石家庄";"石家庄希尔顿酒店";"0311-6796 6666";"石家庄市长安区东大街5号";"视界美食餐厅";" 0311-67966666";"东大街5号石家庄希尔顿酒店30楼";"早餐 06:30-10:00午餐 11:30-14:30晚餐 17:30-22:00";"这是一个充满活力的全日餐厅，内容丰富的菜单为您提供多种选择。您可以细细品味餐厅精心烹制的地中海风格创意菜式或新颖的太平洋沿岸美食, 也可以享用冷菜厨房或果汁咖啡吧供应的精致小食。  营业时间：早餐：06：30 - 10：00午餐：11：30 - 14：30晚餐：17：30 - 22：00位置：石家庄希尔顿酒店30层";"161";"";"";0
160;"石家庄";"石家庄希尔顿酒店";"0311-6796 6666";"石家庄市长安区东大街5号";"秀扒房特色餐厅";"";"";"";"舒适愉快的用餐氛围，一个可以看到厨师台的包间，可观摩烹饪秀。餐厅精选优质的特色烧烤食材，包括新鲜的喜马拉雅山腌肉、鱼和海鲜，为您烹制风味独特的美食。   营业时间：午餐：11：00 - 14：00晚餐：17：00 - 21：00 位置：石家庄希尔顿酒店30层";"";"";"";0
161;"石家庄";"石家庄希尔顿酒店";"0311-6796 6666";"石家庄市长安区东大街5号";"Cafe Deli 甜品站";"";"";"";"CAFÉ DELI甜品站全新呈现,汇聚各国甜品经典,博采中西文化之妙,是一个让您爱不释口的 休憩驿站。在这里,一边享用现泡香茗或现磨咖啡,一边品尝精致美味的手工制作面包、糕点及三明治。 您可以选择在这里度过一段轻松美好的下午茶时光,或将美味带回家。   营业时间：11：00 - 20：00位置：石家庄希尔顿酒店1层 ";"";"";"";0
162;"石家庄";"石家庄希尔顿酒店";"0311-6796 6666";"石家庄市长安区东大街5号";"顶点吧";"";"";"";"在这里，与朋友、同事或家人把酒言欢，享用我们为您精心调制的各类鸡尾酒、香槟、威士忌、进口啤酒及特色烈酒。斜倚吧台，手持美酒，或是观赏精彩的傍晚演出，或是沉醉于迷人的城市夜景。   营业时间：14：00-23：00位置：石家庄希尔顿酒店30层";"";"";"";0
163;"中山";"中山利和希尔顿酒店";"0760 8888 8888";"中国广东省中山市中山三路16号";"360°";" 0760-88888888";"中山三路16号希尔顿酒店3楼";"17:30-21:30";"位于酒店三层的360&deg;全日制餐厅，提供中式与现代西式美味，您可在此享用种类繁多，风味独特的自助餐，包括地道中式菜肴，亚洲和西方美食。希尔顿的活力早餐伴你开启您崭新的一天。提供中式与现代西式美味，早、中、晚三餐您都能在这里享受到无与伦比的国际自助餐，或按菜单点选精美菜肴。午餐和晚餐时间烹饪台将现场展示烹饪与您互动，多种档口包括美味小炒、炭烧烘烤和海鲜烧烤等让您目不暇接。自助甜点为您带来多种令人垂涎的自制甜点、蛋糕和冰淇淋。营业时间周一至周五 早上6点30到晚上10点周六至周日";"189";"";"";0
164;"中山";"中山利和希尔顿酒店";"0760 8888 8888";"中国广东省中山市中山三路16号";"碧空";"";"中山三路16号利和希尔顿酒店59楼";"每天 06:00 - 24:00";"城中最新且最令人振奋的酒吧及酒廊，从59层尽享中山最夺目视角，从酒店顶层俯瞰城市，纵览最绚丽的风景。从水池到高雅现代化的装饰、舒适惬意的坐席，您可享受齐全的饮品，时尚简餐和流行音乐。碧空许您一段&lsquo;漫步云端&rsquo;般难以忘怀的体验。营业时间每天下午5点到凌晨1点 ";"63";"";"";0
165;"中山";"中山利和希尔顿酒店";"0760 8888 8888";"中国广东省中山市中山三路16号";"T酒廊";"";"";"";" T酒廊提供多种咖啡、茶、自制糕点，客人也可在此品鉴来自全球的精选高级葡萄酒、干邑、威士忌及饮料，与朋友同事在此分享美味的同时，享受惬意、休闲的时光。营业时间每天早上9点至晚上11点 ";"";"";"";0
166;"中山";"中山利和希尔顿酒店";"0760 8888 8888";"中国广东省中山市中山三路16号";"意桥";"";"中山三路16号利和广场希尔顿酒店58楼";"10：00-22：00";"令人窒息的美景及难忘的用餐体验，这一切值得您用记忆珍藏。开放式的厨房让客人与厨师轻松互动，并可欣赏每一道精心烹制的意大利菜品及西班牙小吃的完美呈现。位于酒店58层。营业时间每天早上11点到晚上11点 ";"267";"";"";0
167;"嘉兴";"嘉兴永欣希尔顿逸林酒店";"86-573-82666666";"嘉兴市秀洲区聚贤路688号";"開全日餐厅";" 0573-82666666";"聚贤路688号永欣希尔顿逸林酒店";"尚无营业时间";"開（OPEN）全日餐厅，让知名的 精神逸逸 希尔顿逸林活力早餐为您开启美好的一天，亚洲美食、西式烧烤和新鲜海产在氛围轻松的開餐厅等您品尝。这个充满趣味、环境舒适的全日制餐厅设有互动式烹饪台，每天供应早、中、晚三餐。 ";"-";"";"";0
168;"嘉兴";"嘉兴永欣希尔顿逸林酒店";"86-573-82666666";"嘉兴市秀洲区聚贤路688号";"御壐中餐厅";"";"";"";"御璽（YUXI）中餐厅，宾客可享受精致、高雅的用餐体验，品尝正宗的粤菜与浙江美食。宾客可在零点大厅用餐，也可以选择24间私人包房之一举行特别活动或庆祝。";"";"";"";0
169;"嘉兴";"嘉兴永欣希尔顿逸林酒店";"86-573-82666666";"嘉兴市秀洲区聚贤路688号";"禾汇轩面吧";" 0573-82666666";"聚贤路688号永欣希尔顿逸林酒店内";"尚无营业时间";"禾汇轩（NODU BAR）在风格现代的环境中品尝美味诱人的面条、饺子等美食。这里是您享用快捷、美味一餐的最佳选择。";"-";"";"";0
170;"嘉兴";"嘉兴永欣希尔顿逸林酒店";"86-573-82666666";"嘉兴市秀洲区聚贤路688号";"锦廊大堂吧";"";"";"";"锦廊（JIN LOUNGE）在轻松悠闲的环境中，与好友共品一壶香茗，或在黄昏时刻在此体验充满活力的咖啡厅与酒吧氛围，还有众多本地与国际啤酒、葡萄酒和精选鸡尾酒供您挑选。";"";"";"";0
171;"郑州";"郑州希尔顿酒店";"86 371 8996 0888";"郑州市金水路288号";"八元素";" 0371-89960821";"金水路288号希尔顿酒店1楼（金水路与未来路交叉口向东200米路北）";"11:30-14:00 17:30-21:30";"八元素全日制餐厅里融汇西式特色菜肴与亚洲美食的自助餐令人赞不绝口，而零点菜式也同样美味，是全家聚餐或休闲聚会的理想选择。";"144";"";"";0
172;"郑州";"郑州希尔顿酒店";"86 371 8996 0888";"郑州市金水路288号";"豫园中餐厅";" 0371-89960822";"金水路与未来路交叉口向东100米路北郑州希尔顿酒店5楼";"午餐：11:30 – 14:00，晚餐：17:30 – 21:30";"在现代粤式佳肴、香辣川菜和传统河南美食组成的盛宴中，品味真正的华夏滋味。所有菜肴均由我们的资深主厨带领其技艺非凡的团队精心烹制。餐厅内还设有11间装修豪华的私人包房，其中5间还有自己的私人花园，是商务宴请和庆祝活动的不二之选。";"109";"";"";0
173;"郑州";"郑州希尔顿酒店";"86 371 8996 0888";"郑州市金水路288号";"阿米奇特色餐厅";" 0371-89960888 0371-89960838";"金水路288号希尔顿酒店1楼";"每天 11:30 - 21:30";"在雅致的餐厅中品尝由技艺超群的大厨们烹制的正宗、经典意大利顶级美食。从美味匹萨到自制的诱人意大利面，每一道菜肴都有益健康而又可口无比。";"344";"";"";0
174;"郑州";"郑州希尔顿酒店";"86 371 8996 0888";"郑州市金水路288号";"大堂吧";"";"";"";"品一杯新鲜果汁、冰沙，或顶级中式与国际茶品的同时，欣赏金水路上熙熙攘攘的繁华景象。让令人口齿垂涎的糕点、小吃和丰盛的下午茶为您带来惬意的放松时光，并满足口腹之欲。";"";"";"";0
175;"郑州";"郑州希尔顿酒店";"86 371 8996 0888";"郑州市金水路288号";"阿米奇吧";"";"";"";"在阿米奇吧享用我们为您精心准备的年份威士忌、特酿白兰地、进口啤酒及特色烈酒。在这里，您可以沉浸于迷人的城市景色，陶醉于馥郁的细腻酒香,在喧嚣的都市中度过只属于您的悠闲时光。";"";"";"";0
176;"深圳";"深圳蛇口希尔顿南海酒店";"86 755 2162 8888";"中国广东省深圳市南山区望海路1177号";"OPEN";" 0755-21623013";"望海路1177号";"每天 06:30 - 22:00";"在OPEN餐厅的休闲氛围中享受全天候的餐饮体验。您可在这间集咖啡吧、酒吧和餐厅三种元素于一体的餐饮设施中欣赏大厨在互动式烹饪台前挥洒厨艺，品尝美食的同时也享有轻松欢乐的氛围，让融入本地特色的创意亚洲美食、西式烧烤和甘美海鲜为您带来精彩绝伦的本地区饮食文化精华。OPEN营业时间： 早餐（工作日）：06:30 -10:30早餐（周末）：    06:30 -11:00午餐：                   12:00  -14:30晚餐：                   18:00  -22:00 ";"375";"";"";0
177;"深圳";"深圳蛇口希尔顿南海酒店";"86 755 2162 8888";"中国广东省深圳市南山区望海路1177号";"随轩";" 0755-21623015";"望海路1177号";"Lunch午餐11.00 - 14:30Dinner晚餐17:30 - 22:00";"在精美高雅的内饰环境中静心品尝精选点心等地道的粤式佳肴。八间私人包房还可为您的聚餐活动营造亲切的私密用餐氛围。随轩营业时间：午餐 11:00-14:30晚餐 17:30-22:00";"252";"";"";0
178;"深圳";"深圳蛇口希尔顿南海酒店";"86 755 2162 8888";"中国广东省深圳市南山区望海路1177号";"烧烤餐厅";" 0755-21623017";"望海路1177号";"Lunch 午餐 12:00 - 14:30 Dinner 晚餐18:00 - 22:00";"尽享顶级烤肉、海鲜与上等红酒的同时，让深圳湾的华美景致为您的眼睛也献上一场视觉飨宴。 餐厅供应午餐和晚餐，让宾客在轻松怡人的氛围中享有非同寻常的用餐体验。&bull; 烧烤餐厅营业时间午餐 12:00-14:30晚餐 18:00-22:00";"637";"";"";0
179;"深圳";"深圳蛇口希尔顿南海酒店";"86 755 2162 8888";"中国广东省深圳市南山区望海路1177号";"观廊";" 21628888-8511";"蛇口希尔顿南海酒店2楼";"尚无营业时间";"这是轻松小聚的理想场所，也是餐前小酌的上佳之选。此外，酒店的驻场乐师还会在黄昏时献上悠扬的乐曲为您助兴。品尝从沙拉到甜品等各种小食，并搭配醇香的咖啡或各式鸡尾酒，让壮观的海景成为您惬意时光的陪衬。 观廊营业时间： 10:00 - 00:00";"-";"";"";0
180;"深圳";"深圳蛇口希尔顿南海酒店";"86 755 2162 8888";"中国广东省深圳市南山区望海路1177号";"伊甸园";"";"";"";"这间拥有精致高雅室内外空间的屋顶酒吧，是您到访蛇口时不容错过的绝佳休闲场所。您可沉浸在顶尖DJ打造的炫酷乐曲中，并尽享魅惑无比的招牌鸡尾酒；也可以倚靠在舒适的沙发上享受纯粹的放松体验，同时一览深圳湾和蛇口的壮丽景观。酒吧还可根据各种需求提供场地与配套服务，是举办午后聚会或入夜派对的完美之选。  每晚17:00 - 21:00欢乐时光，精选饮品买一赠一。每周三21:00 - 00:00女士之夜，精选饮品女士畅饮。每周五17:00 - 20:00疯狂星期五，金汤力、朗姆、伏特加、青岛啤酒任意一款20元。 ";"";"";"";0
181;"深圳";"深圳蛇口希尔顿南海酒店";"86 755 2162 8888";"中国广东省深圳市南山区望海路1177号";"池畔餐厅";"";"蛇口望海路1117号希尔顿南海酒店1楼";"尚无营业时间";"走出户外、在泳池畔拥抱阳光的同时，品尝一杯清爽沁心的饮料或轻松享用一顿休闲午餐。从清晨直至黄昏，您可在遮阴棚下惬意地享受各种服务，度过美好时光。";"-";"";"";0
182;"深圳";"深圳大中华希尔顿酒店";"+86 755 21308888";"中国深圳市福田区深南大道1003号大中华国际金融中心B座";"念 - 全日制自助餐厅";"";"";"";" 以美味的早餐开始新的一天。这间全日制餐厅提供美味可口的单点菜单和丰盛多样的自助餐选择，让您畅享各种美食臻馔。";"";"";"";0
183;"深圳";"深圳大中华希尔顿酒店";"+86 755 21308888";"中国深圳市福田区深南大道1003号大中华国际金融中心B座";"大堂吧";"";"";"";"无论是品尝精美的下午茶、咖啡和点心，还是与朋友把酒言欢，这间时尚大堂吧的轻松氛围都能让您尽享悠闲时光。";"";"";"";0
184;"深圳";"深圳大中华希尔顿酒店";"+86 755 21308888";"中国深圳市福田区深南大道1003号大中华国际金融中心B座";"兰亭 - 中餐厅";"";"";"";"让由广东主厨及其团队专业呈献的各式经典粤菜和巴蜀特色菜品，挑动您的味蕾与食欲。餐厅拥有五间氛围优雅奢华的私人包房，是商务宴请和特殊庆祝活动的最佳选择。";"";"";"";0
185;"深圳";"深圳宝安华盛希尔顿花园酒店";"0755 2771 8888";"广东省深圳市宝安区沙井街道新沙路529号";"花荟.味全日餐厅";"";"";"";"按宾客要求制备的新鲜早餐囊括各种中、西式美味，开放式厨房更尽情展现都会活力。午餐与晚餐有自助与点单两种选择。";"";"";"";0
186;"深圳";"深圳宝安华盛希尔顿花园酒店";"0755 2771 8888";"广东省深圳市宝安区沙井街道新沙路529号";"麺谈";"";"";"";"令人眼花缭乱的缤纷面食供您尽情挑选，午餐与晚餐时可在此大快朵颐。";"";"";"";0
187;"深圳";"深圳宝安华盛希尔顿花园酒店";"0755 2771 8888";"广东省深圳市宝安区沙井街道新沙路529号";"花荟.品吧";"";"";"";"大堂酒廊位于酒店大堂的一侧。这里是宾客们放松休息，小酌一杯的好去处。无论是清爽的饮品、精致的红酒，还是可口的小点心，您随时都能给自己一份小小的犒赏。";"";"";"";0
188;"武汉";"武汉世茂希尔顿酒店";"027-59558888";"中国湖北省武汉市汉阳区滨江大道190号";"汇-全日制餐厅";"";"";"";"全日制餐厅融汇西式特色菜肴与亚洲美食的自助餐源出法国主厨三十五载之匠人生涯。透过落地玻璃窗，不错过长江的每一缕晨曦和落霞，是全家聚餐或休闲聚会的理想选择。营业时间：06:00 – 23:00";"";"";"";0
189;"武汉";"武汉世茂希尔顿酒店";"027-59558888";"中国湖北省武汉市汉阳区滨江大道190号";"玖-中餐厅";"";"";"";"在地道湖北鄂菜、现代粤式佳肴和麻辣川湘组成的盛宴中，品味真正舌尖上的中国。所有菜肴均由资深主厨带领其技艺非凡的团队精心烹制。餐厅内还设有10间装修豪华的私人包房，是商务宴请和家庭庆祝的不二之选。营业时间：午餐: 11:30 – 14:00晚餐: 17:30 – 21:30";"";"";"";0
190;"武汉";"武汉世茂希尔顿酒店";"027-59558888";"中国湖北省武汉市汉阳区滨江大道190号";"醺-特色法餐厅";"";"";"";"愉悦舒适的餐厅，处处弥漫着浪漫的气息。凭借着对健康美食的创新灵感和追求，拥有30多年烹饪经验的法籍大厨将为您带来地中海风味的法式佳肴。时光静静流淌，昏黄的灯光搭配摇曳的红酒和宛如艺术品的佳肴，任经典法国歌谣在耳畔萦绕，今夜微醺，但是将无心睡眠。营业时间：18:00 – 22:00";"";"";"";0
191;"武汉";"武汉世茂希尔顿酒店";"027-59558888";"中国湖北省武汉市汉阳区滨江大道190号";"毓-大堂吧";"";"";"";" 这里是一间Hilton的 café，提供香浓的咖啡和自制的点心；这里也是一间淡淡墨香的书店，有各式代售书籍，可以阅读一段漫不经心的慵懒时光；在这里，你还可以将祝福寄给未来，无论是给自己还是给TA；你来还是不来，毓都等着你，一个现在和过去与将来交流的咖啡书店。每天等你的时间：08:00 – 24:00";"";"";"";0
192;"武汉";"武汉光谷希尔顿酒店";"027-5933 8888";"中国湖北省武汉市东湖新技术开发区花山生态新城春和路9号";"创味全日餐厅";" 59338888-6208";"花山生态城春和路9号光谷希尔顿酒店1楼";"6:00--23:00";"创味全日餐厅模仿中式村庄风格而建，豆荚式的格局中排列着7个独立的摊位区域，以现代方式展现传统街边美食大排档的风情。这家全日制餐厅不仅提供独具特色的经典菜式，零点菜单上的美味佳肴也让人流连忘返。 营业时间：上午6:00至晚上11:00";"-";"";"";0
193;"武汉";"武汉光谷希尔顿酒店";"027-5933 8888";"中国湖北省武汉市东湖新技术开发区花山生态新城春和路9号";"御玺";" 59338888-6218 59338888-6220";"花山生态新城春和路9号光谷希尔顿酒店2楼";"11:30-14:30 17:30-22:00";"让精致的粤式佳肴和叫花鸡等传统湖北特色地方美食宠坏您的味蕾。在御玺餐厅，每一道菜肴都会让宾客深刻体验地道风味和高端品质的完美结合。 营业时间：上午11:30至下午2:30; 晚餐：下午5:30至晚上10:00";"-";"";"";0
194;"武汉";"武汉光谷希尔顿酒店";"027-5933 8888";"中国湖北省武汉市东湖新技术开发区花山生态新城春和路9号";"厨意意大利餐厅";" 59338888-6211";"花山生态城春和路9号光谷希尔顿酒店3楼";"17:30-22:00";"没有什么能比与亲朋好友一起共享温馨大餐更令人快乐，而此时一餐丰盛正宗的意大利美食可谓是上上之选。这家拥有户外就餐区和吧台的餐厅，必将为任何聚会就餐增添更多欢乐。营业时间：17:30-22:00（周三至周日）。";"-";"";"";0
195;"武汉";"武汉光谷希尔顿酒店";"027-5933 8888";"中国湖北省武汉市东湖新技术开发区花山生态新城春和路9号";"谷韵酒吧";"";"";"";"在这家充满活力的酒吧中会友小酌，品尝可口小食的同时欣赏令人叹为观止的秀丽湖景。营业时间：18:00-00:30。";"";"";"";0
196;"武汉";"武汉光谷希尔顿酒店";"027-5933 8888";"中国湖北省武汉市东湖新技术开发区花山生态新城春和路9号";"天空大堂吧";"";"";"";"位于大堂中心位置的酒廊在室内外均设有坐席，是理想的会晤倾谈场所。在这里，宾客不但能欣赏严西湖的动人美景，还能就着各种特色茶品与咖啡享用可口点心。 营业时间：上午9:00至凌晨12:00";"";"";"";0
